id	name
nm0000002	Lauren Bacall
nm0000004	John Belushi
nm0000005	Ingmar Bergman
nm0000008	Marlon Brando
nm0000020	Henry Fonda
nm0000024	John Gielgud
nm0000031	Katharine Hepburn
nm0000040	Stanley Kubrick
nm0000041	Akira Kurosawa
nm0000051	James Mason
nm0000056	Paul Newman
nm0000063	Anthony Quinn
nm0000084	Gong Li
nm0000090	Armin Mueller-Stahl
nm0000093	Brad Pitt
nm0000095	Woody Allen
nm0000096	Gillian Anderson
nm0000098	Jennifer Aniston
nm0000099	Patricia Arquette
nm0000101	Dan Aykroyd
nm0000102	Kevin Bacon
nm0000104	Antonio Banderas
nm0000106	Drew Barrymore
nm0000107	Kim Basinger
nm0000108	Luc Besson
nm0000110	Kenneth Branagh
nm0000111	Matthew Broderick
nm0000113	Sandra Bullock
nm0000114	Steve Buscemi
nm0000115	Nicolas Cage
nm0000116	James Cameron
nm0000118	John Carpenter
nm0000120	Jim Carrey
nm0000123	George Clooney
nm0000124	Jennifer Connelly
nm0000125	Sean Connery
nm0000126	Kevin Costner
nm0000128	Russell Crowe
nm0000129	Tom Cruise
nm0000130	Jamie Lee Curtis
nm0000131	John Cusack
nm0000132	Claire Danes
nm0000133	Geena Davis
nm0000134	Robert De Niro
nm0000136	Johnny Depp
nm0000138	Leonardo DiCaprio
nm0000139	Cameron Diaz
nm0000140	Michael Douglas
nm0000142	Clint Eastwood
nm0000144	Cary Elwes
nm0000146	Ralph Fiennes
nm0000147	Colin Firth
nm0000148	Harrison Ford
nm0000149	Jodie Foster
nm0000150	Michael J. Fox
nm0000151	Morgan Freeman
nm0000152	Richard Gere
nm0000154	Mel Gibson
nm0000155	Whoopi Goldberg
nm0000156	Jeff Goldblum
nm0000157	Linda Hamilton
nm0000158	Tom Hanks
nm0000159	Teri Hatcher
nm0000160	Ethan Hawke
nm0000163	Dustin Hoffman
nm0000164	Anthony Hopkins
nm0000165	Ron Howard
nm0000166	Helen Hunt
nm0000168	Samuel L. Jackson
nm0000169	Tommy Lee Jones
nm0000170	Milla Jovovich
nm0000172	Harvey Keitel
nm0000173	Nicole Kidman
nm0000174	Val Kilmer
nm0000176	Nastassja Kinski
nm0000177	Kevin Kline
nm0000179	Jude Law
nm0000186	David Lynch
nm0000188	Steve Martin
nm0000190	Matthew McConaughey
nm0000191	Ewan McGregor
nm0000193	Demi Moore
nm0000194	Julianne Moore
nm0000195	Bill Murray
nm0000196	Mike Myers
nm0000197	Jack Nicholson
nm0000198	Gary Oldman
nm0000199	Al Pacino
nm0000200	Bill Paxton
nm0000201	Michelle Pfeiffer
nm0000203	River Phoenix
nm0000204	Natalie Portman
nm0000206	Keanu Reeves
nm0000208	Molly Ringwald
nm0000209	Tim Robbins
nm0000210	Julia Roberts
nm0000212	Meg Ryan
nm0000213	Winona Ryder
nm0000214	Mia Sara
nm0000216	Arnold Schwarzenegger
nm0000217	Martin Scorsese
nm0000218	Kristin Scott Thomas
nm0000221	Charlie Sheen
nm0000223	Elisabeth Shue
nm0000225	Christian Slater
nm0000226	Will Smith
nm0000228	Kevin Spacey
nm0000229	Steven Spielberg
nm0000230	Sylvester Stallone
nm0000231	Oliver Stone
nm0000232	Sharon Stone
nm0000233	Quentin Tarantino
nm0000234	Charlize Theron
nm0000235	Uma Thurman
nm0000237	John Travolta
nm0000242	Mark Wahlberg
nm0000243	Denzel Washington
nm0000244	Sigourney Weaver
nm0000245	Robin Williams
nm0000246	Bruce Willis
nm0000247	John Woo
nm0000249	James Woods
nm0000250	Renée Zellweger
nm0000255	Ben Affleck
nm0000257	Alan Alda
nm0000260	Joan Allen
nm0000261	Karen Allen
nm0000262	Nancy Allen
nm0000264	Pedro Almodóvar
nm0000265	Robert Altman
nm0000267	Julie Andrews
nm0000269	Jean-Jacques Annaud
nm0000270	Gabrielle Anwar
nm0000273	Alan Arkin
nm0000275	Rosanna Arquette
nm0000276	Sean Astin
nm0000277	Richard Attenborough
nm0000284	Adam Baldwin
nm0000285	Alec Baldwin
nm0000286	Stephen Baldwin
nm0000288	Christian Bale
nm0000291	Angela Bassett
nm0000293	Sean Bean
nm0000297	Tom Berenger
nm0000299	Michael Biehn
nm0000300	Juliette Binoche
nm0000301	Thora Birch
nm0000307	Helena Bonham Carter
nm0000313	Jeff Bridges
nm0000318	Tim Burton
nm0000321	Gabriel Byrne
nm0000322	Emmanuelle Béart
nm0000323	Michael Caine
nm0000329	Jackie Chan
nm0000331	Chevy Chase
nm0000332	Don Cheadle
nm0000334	Chow Yun-Fat
nm0000335	Glenn Close
nm0000338	Francis Ford Coppola
nm0000342	James Cromwell
nm0000343	David Cronenberg
nm0000345	Billy Crystal
nm0000346	Macaulay Culkin
nm0000349	Joan Cusack
nm0000350	Beverly D'Angelo
nm0000352	Vincent D'Onofrio
nm0000353	Willem Dafoe
nm0000354	Matt Damon
nm0000358	Daniel Day-Lewis
nm0000360	Rebecca De Mornay
nm0000361	Brian De Palma
nm0000365	Julie Delpy
nm0000366	Catherine Deneuve
nm0000367	Gérard Depardieu
nm0000368	Laura Dern
nm0000374	Brad Dourif
nm0000375	Robert Downey Jr.
nm0000379	Kirsten Dunst
nm0000380	Robert Duvall
nm0000381	Anthony Edwards
nm0000385	Sam Elliott
nm0000388	R. Lee Ermey
nm0000389	Emilio Estevez
nm0000397	Corey Feldman
nm0000398	Sally Field
nm0000399	David Fincher
nm0000401	Laurence Fishburne
nm0000402	Carrie Fisher
nm0000404	Jane Fonda
nm0000408	Jonathan Frakes
nm0000411	Edward Furlong
nm0000412	Andy Garcia
nm0000416	Terry Gilliam
nm0000417	Crispin Glover
nm0000418	Danny Glover
nm0000420	Valeria Golino
nm0000421	Cuba Gooding Jr.
nm0000422	John Goodman
nm0000424	Hugh Grant
nm0000425	Peter Greenaway
nm0000431	Taylor Hackford
nm0000432	Gene Hackman
nm0000434	Mark Hamill
nm0000435	Daryl Hannah
nm0000436	Curtis Hanson
nm0000437	Woody Harrelson
nm0000438	Ed Harris
nm0000439	Neil Patrick Harris
nm0000442	Rutger Hauer
nm0000445	Dan Hedaya
nm0000448	Lance Henriksen
nm0000450	Philip Seymour Hoffman
nm0000453	Ian Holm
nm0000454	Dennis Hopper
nm0000455	John Hughes
nm0000456	Holly Hunter
nm0000457	John Hurt
nm0000458	William Hurt
nm0000459	Timothy Hutton
nm0000460	Jeremy Irons
nm0000463	Famke Janssen
nm0000464	Jim Jarmusch
nm0000466	Jean-Pierre Jeunet
nm0000469	James Earl Jones
nm0000470	Jeffrey Jones
nm0000473	Diane Keaton
nm0000474	Michael Keaton
nm0000484	John Landis
nm0000487	Ang Lee
nm0000488	Brandon Lee
nm0000490	Spike Lee
nm0000491	John Leguizamo
nm0000492	Jennifer Jason Leigh
nm0000493	Jack Lemmon
nm0000494	Robert Sean Leonard
nm0000496	Juliette Lewis
nm0000497	Jennifer Lien
nm0000500	Richard Linklater
nm0000501	Ray Liotta
nm0000502	Christopher Lloyd
nm0000510	Andie MacDowell
nm0000513	William H. Macy
nm0000514	Michael Madsen
nm0000517	Terrence Malick
nm0000518	John Malkovich
nm0000520	Michael Mann
nm0000521	Sophie Marceau
nm0000524	Mary Stuart Masterson
nm0000527	Walter Matthau
nm0000531	Frances McDormand
nm0000542	Penelope Ann Miller
nm0000545	Helen Mirren
nm0000546	Matthew Modine
nm0000552	Eddie Murphy
nm0000553	Liam Neeson
nm0000554	Sam Neill
nm0000555	Judd Nelson
nm0000558	Leslie Nielsen
nm0000559	Leonard Nimoy
nm0000560	Nick Nolte
nm0000563	Chris O'Donnell
nm0000564	Peter O'Toole
nm0000566	Julia Ormond
nm0000569	Gwyneth Paltrow
nm0000570	Alan Parker
nm0000571	Mary-Louise Parker
nm0000572	Sarah Jessica Parker
nm0000574	Jason Patric
nm0000576	Sean Penn
nm0000579	Ron Perlman
nm0000582	Joe Pesci
nm0000583	Wolfgang Petersen
nm0000591	Roman Polanski
nm0000592	Pete Postlethwaite
nm0000596	Jonathan Pryce
nm0000597	Bill Pullman
nm0000598	Dennis Quaid
nm0000600	Sam Raimi
nm0000601	Harold Ramis
nm0000602	Robert Redford
nm0000604	John C. Reilly
nm0000606	Jean Reno
nm0000608	Burt Reynolds
nm0000609	Ving Rhames
nm0000610	Giovanni Ribisi
nm0000614	Alan Rickman
nm0000615	John Ritter
nm0000618	Isabella Rossellini
nm0000619	Tim Roth
nm0000620	Mickey Rourke
nm0000621	Kurt Russell
nm0000623	Rene Russo
nm0000630	Liev Schreiber
nm0000631	Ridley Scott
nm0000638	William Shatner
nm0000639	Ally Sheedy
nm0000640	Martin Sheen
nm0000641	Gary Sinise
nm0000651	Sissy Spacek
nm0000653	Brent Spiner
nm0000656	Madeleine Stowe
nm0000658	Meryl Streep
nm0000661	Donald Sutherland
nm0000662	Kiefer Sutherland
nm0000667	David Thewlis
nm0000668	Emma Thompson
nm0000670	Lea Thompson
nm0000671	Billy Bob Thornton
nm0000673	Marisa Tomei
nm0000674	Tamlyn Tomita
nm0000679	Deborah Kara Unger
nm0000681	Vince Vaughn
nm0000682	Paul Verhoeven
nm0000683	Gore Vidal
nm0000685	Jon Voight
nm0000686	Christopher Walken
nm0000687	J.T. Walsh
nm0000688	Sela Ward
nm0000690	Lesley Ann Warren
nm0000693	Peter Weller
nm0000694	Wim Wenders
nm0000696	Wil Wheaton
nm0000699	Michael Wincott
nm0000701	Kate Winslet
nm0000702	Reese Witherspoon
nm0000703	BD Wong
nm0000704	Elijah Wood
nm0000705	Robin Wright
nm0000706	Michelle Yeoh
nm0000707	Sean Young
nm0000708	Billy Zane
nm0000709	Robert Zemeckis
nm0000717	Kareem Abdul-Jabbar
nm0000719	F. Murray Abraham
nm0000720	Jim Abrahams
nm0000729	Casey Affleck
nm0000732	Danny Aiello
nm0000741	Tim Allen
nm0000759	Paul Thomas Anderson
nm0000777	Gregg Araki
nm0000780	Denys Arcand
nm0000799	Edward Asner
nm0000804	Stéphane Audran
nm0000809	Daniel Auteuil
nm0000816	Jon Avnet
nm0000818	Shabana Azmi
nm0000821	Amitabh Bachchan
nm0000837	Bob Balaban
nm0000843	Anne Bancroft
nm0000849	Javier Bardem
nm0000852	Jean-Marc Barr
nm0000867	Jason Bateman
nm0000870	Kathy Bates
nm0000874	Steven Bauer
nm0000876	Noah Baumbach
nm0000882	Nathalie Baye
nm0000885	Ned Beatty
nm0000889	Bonnie Bedelia
nm0000905	Roberto Benigni
nm0000906	Annette Bening
nm0000913	Robby Benson
nm0000915	Bruce Beresford
nm0000928	Sandra Bernhard
nm0000931	Elizabeth Berridge
nm0000934	Bernardo Bertolucci
nm0000949	Cate Blanchett
nm0000950	Brenda Blethyn
nm0000965	Danny Boyle
nm0000966	Lorraine Bracco
nm0000969	Lillo Brancato
nm0000971	Nicoletta Braschi
nm0000973	Benjamin Bratt
nm0000976	Martin Brest
nm0000979	Wilford Brimley
nm0000980	Jim Broadbent
nm0000982	Josh Brolin
nm0000983	Albert Brooks
nm0000985	James L. Brooks
nm0000995	Ellen Burstyn
nm0000996	LeVar Burton
nm0000997	Gary Busey
nm0001001	James Caan
nm0001005	Jane Campion
nm0001006	John Candy
nm0001012	Claudia Cardinale
nm0001016	David Carradine
nm0001020	Katrin Cartlidge
nm0001024	Nick Cassavetes
nm0001025	Seymour Cassel
nm0001026	Joanna Cassidy
nm0001029	Jim Caviezel
nm0001034	Rosalind Chao
nm0001038	Josh Charles
nm0001040	Joan Chen
nm0001041	Maggie Cheung
nm0001045	Tommy Chong
nm0001046	Julie Christie
nm0001053	Ethan Coen
nm0001054	Joel Coen
nm0001057	Toni Collette
nm0001060	Chris Columbus
nm0001065	Harry Connick Jr.
nm0001068	Sofia Coppola
nm0001074	Ronny Cox
nm0001075	Peter Coyote
nm0001077	Richard Crenna
nm0001079	Scatman Crothers
nm0001081	Cameron Crowe
nm0001082	Billy Crudup
nm0001099	Jeff Daniels
nm0001104	Frank Darabont
nm0001112	Andrew Davis
nm0001114	Judy Davis
nm0001115	Ossie Davis
nm0001117	Bruce Davison
nm0001122	Ellen DeGeneres
nm0001123	Dom DeLuise
nm0001125	Benicio Del Toro
nm0001129	Jonathan Demme
nm0001130	Ted Demme
nm0001131	Patrick Dempsey
nm0001132	Judi Dench
nm0001133	Brian Dennehy
nm0001136	Bruce Dern
nm0001149	Richard Donner
nm0001150	James Doohan
nm0001162	Griffin Dunne
nm0001167	Shelley Duvall
nm0001172	Christopher Eccleston
nm0001173	Aaron Eckhart
nm0001175	Blake Edwards
nm0001186	Denholm Elliott
nm0001187	Noah Emmerich
nm0001200	Gary Farmer
nm0001201	Mia Farrow
nm0001208	Miguel Ferrer
nm0001212	Joseph Fiennes
nm0001215	Albert Finney
nm0001217	Fionnula Flanagan
nm0001218	Sean Patrick Flanery
nm0001226	James Foley
nm0001232	Milos Forman
nm0001241	Stephen Frears
nm0001258	James Garner
nm0001277	Scott Glenn
nm0001288	Kelsey Grammer
nm0001290	Richard E. Grant
nm0001291	Rupert Graves
nm0001295	Graham Greene
nm0001302	Christopher Guest
nm0001303	Carla Gugino
nm0001309	Anthony Michael Hall
nm0001310	Kevin Peter Hall
nm0001315	Marcia Gay Harden
nm0001321	Richard Harris
nm0001324	Ian Hart
nm0001326	Josh Hartnett
nm0001331	Todd Haynes
nm0001332	Robert Hays
nm0001334	John Heard
nm0001340	Katherine Helmond
nm0001343	Carrie Henn
nm0001347	Barbara Hershey
nm0001348	Werner Herzog
nm0001354	Ciarán Hinds
nm0001364	Bob Hoskins
nm0001368	Ernie Hudson
nm0001371	Tom Hulce
nm0001372	Bonnie Hunt
nm0001376	Isabelle Huppert
nm0001378	Anjelica Huston
nm0001392	Peter Jackson
nm0001393	Irène Jacob
nm0001394	Derek Jacobi
nm0001401	Angelina Jolie
nm0001408	Shekhar Kapur
nm0001409	Tchéky Karyo
nm0001413	Julie Kavner
nm0001416	Catherine Keener
nm0001420	DeForest Kelley
nm0001424	Udo Kier
nm0001425	Krzysztof Kieslowski
nm0001426	Ben Kingsley
nm0001427	Greg Kinnear
nm0001428	Klaus Kinski
nm0001429	Takeshi Kitano
nm0001436	Swoosie Kurtz
nm0001437	Emir Kusturica
nm0001441	Christine Lahti
nm0001445	Martin Landau
nm0001448	Jessica Lange
nm0001449	Frank Langella
nm0001466	Sergio Leone
nm0001467	Jared Leto
nm0001469	Barry Levinson
nm0001471	Jerry Lewis
nm0001472	Jet Li
nm0001473	Laura Linney
nm0001475	John Lithgow
nm0001484	Jon Lovitz
nm0001486	Sidney Lumet
nm0001492	Kyle MacLachlan
nm0001493	Peter MacNicol
nm0001494	Ralph Macchio
nm0001497	Tobey Maguire
nm0001498	John Mahoney
nm0001501	Louis Malle
nm0001508	Penny Marshall
nm0001512	Mary Elizabeth Mastrantonio
nm0001521	Mary McDonnell
nm0001523	Natascha McElhone
nm0001524	Paul McGann
nm0001526	Patrick McGoohan
nm0001527	Elizabeth McGovern
nm0001532	John McTiernan
nm0001533	Meat Loaf
nm0001538	Jonny Lee Miller
nm0001544	Ricardo Montalban
nm0001546	Mary Tyler Moore
nm0001550	Cathy Moriarty
nm0001556	David Morse
nm0001557	Viggo Mortensen
nm0001565	Mike Newell
nm0001567	Connie Nielsen
nm0001570	Edward Norton
nm0001579	Edward James Olmos
nm0001587	Alan J. Pakula
nm0001590	Chazz Palminteri
nm0001592	Joe Pantoliano
nm0001593	Anna Paquin
nm0001597	Mandy Patinkin
nm0001598	Robert Patrick
nm0001599	Will Patton
nm0001602	Guy Pearce
nm0001606	Chris Penn
nm0001608	Barry Pepper
nm0001618	Joaquin Phoenix
nm0001626	Christopher Plummer
nm0001631	Sarah Polley
nm0001633	Annie Potts
nm0001636	Priscilla Presley
nm0001638	Jürgen Prochnow
nm0001639	Alex Proyas
nm0001642	Randy Quaid
nm0001648	Charlotte Rampling
nm0001652	John Ratzenberger
nm0001653	Stephen Rea
nm0001657	Oliver Reed
nm0001659	Christopher Reeve
nm0001661	Rob Reiner
nm0001663	Paul Reiser
nm0001667	Jonathan Rhys Meyers
nm0001669	Miranda Richardson
nm0001673	Jason Robards
nm0001675	Robert Rodriguez
nm0001687	Gena Rowlands
nm0001688	Alan Ruck
nm0001691	Geoffrey Rush
nm0001696	Julian Sands
nm0001697	Chris Sarandon
nm0001708	Joel Schumacher
nm0001709	Til Schweiger
nm0001716	Tony Scott
nm0001722	Rufus Sewell
nm0001728	Wallace Shawn
nm0001731	Sam Shepard
nm0001735	Talia Shire
nm0001740	O.J. Simpson
nm0001741	Bryan Singer
nm0001744	Tom Sizemore
nm0001745	Stellan Skarsgård
nm0001747	Charles Martin Smith
nm0001749	Maggie Smith
nm0001752	Steven Soderbergh
nm0001754	Todd Solondz
nm0001758	Timothy Spall
nm0001765	Harry Dean Stanton
nm0001767	Imelda Staunton
nm0001768	Rod Steiger
nm0001772	Patrick Stewart
nm0001774	Ben Stiller
nm0001777	Dean Stockwell
nm0001778	Matt Stone
nm0001780	Peter Stormare
nm0001788	Jessica Tandy
nm0001789	Andrei Tarkovsky
nm0001794	Henry Thomas
nm0001797	Rachel Ticotin
nm0001806	John Turturro
nm0001814	Gus Van Sant
nm0001815	Jim Varney
nm0001817	Reginald VelJohnson
nm0001823	Tom Waits
nm0001825	Andrew Kevin Walker
nm0001826	M. Emmet Walsh
nm0001828	Melora Walters
nm0001832	Sam Waterston
nm0001833	Emily Watson
nm0001835	Carl Weathers
nm0001837	Peter Weir
nm0001838	Rachel Weisz
nm0001840	Ming-Na Wen
nm0001845	Forest Whitaker
nm0001848	Dianne Wiest
nm0001850	Billy Dee Williams
nm0001852	Treat Williams
nm0001855	Tom Wilson
nm0001856	Oprah Winfrey
nm0001858	Mare Winningham
nm0001872	Steve Zahn
nm0001876	Catherine Zeta-Jones
nm0001878	David Zucker
nm0001880	Edward Zwick
nm0001884	Max von Sydow
nm0001885	Lars von Trier
nm0001903	Norma Aleandro
nm0001923	Margaret Avery
nm0001945	Claude Berri
nm0001951	Björk
nm0001953	Moritz Bleibtreu
nm0001954	Claire Bloom
nm0001963	Jesse Borrego
nm0001971	Ewen Bremner
nm0001988	Marc Caro
nm0001990	Elpidia Carrillo
nm0001993	Vincent Cassel
nm0002000	Leslie Cheung
nm0002020	Costa-Gavras
nm0002029	Maria Grazia Cucinotta
nm0002039	Ruby Dee
nm0002043	Madhuri Dixit
nm0002044	Roger Donaldson
nm0002057	Richard Edson
nm0002070	Richard Farnsworth
nm0002071	Will Ferrell
nm0002076	Jason Flemyng
nm0002077	Dexter Fletcher
nm0002084	Brenda Fricker
nm0002091	Michael Gambon
nm0002097	Bob Geldof
nm0002110	Rodney A. Grant
nm0002114	Kim Greist
nm0002120	Lasse Hallström
nm0002139	Judd Hirsch
nm0002140	Agnieszka Holland
nm0002160	Moustapha Akkad
nm0002191	Jacques Audiard
nm0002196	Gabriel Axel
nm0002199	Hector Babenco
nm0002332	Stephen Lang
nm0002536	Emmy Rossum
nm0002645	Paolo Genovese
nm0002653	Joe Johnston
nm0002663	Diane Ladd
nm0002728	Juan José Campanella
nm0003160	Christopher McQuarrie
nm0003506	James Mangold
nm0003620	Kevin Smith
nm0003697	Florian Henckel von Donnersmarck
nm0003817	Michael Clarke Duncan
nm0003870	Marilyn Ghigliotti
nm0003939	Vikramaditya Motwane
nm0004051	Brian Cox
nm0004056	Andrew Stanton
nm0004234	Alfonso Gomez-Rejon
nm0004266	Anne Hathaway
nm0004306	George Miller
nm0004335	Hrithik Roshan
nm0004376	Franka Potente
nm0004418	Kajol
nm0004423	Gerry Robert Byrne
nm0004433	Shammi Kapoor
nm0004437	Sridevi
nm0004462	Jean-Louis Trintignant
nm0004486	Bruno Ganz
nm0004487	Juhi Chawla
nm0004569	Sanjay Dutt
nm0004626	Kareena Kapoor
nm0004650	Marisa Paredes
nm0004695	Jessica Alba
nm0004715	Will Arnett
nm0004716	Darren Aronofsky
nm0004742	Maria Bello
nm0004747	Wes Bentley
nm0004754	Jessica Biel
nm0004778	Adrien Brody
nm0004802	Linda Cardellini
nm0004851	Penélope Cruz
nm0004874	Vin Diesel
nm0004936	Ben Foster
nm0004937	Jamie Foxx
nm0004950	Jennifer Garner
nm0004951	Brad Garrett
nm0005002	Isaac Hayes
nm0005008	Brian Henson
nm0005009	Laura Harring
nm0005023	Djimon Hounsou
nm0005024	Terrence Howard
nm0005028	Kate Hudson
nm0005068	Vinnie Jones
nm0005069	Spike Jonze
nm0005093	Regina King
nm0005109	Mila Kunis
nm0005110	Ashton Kutcher
nm0005124	John Lasseter
nm0005132	Heath Ledger
nm0005134	Jason Lee
nm0005139	Mike Leigh
nm0005148	Delroy Lindo
nm0005154	Lucy Liu
nm0005171	Angus Macfadyen
nm0005188	James Marsden
nm0005210	Tim McGraw
nm0005212	Ian McKellen
nm0005222	Sam Mendes
nm0005226	Debra Messing
nm0005244	Fernanda Montenegro
nm0005251	Carrie-Anne Moss
nm0005256	Bridget Moynahan
nm0005266	Craig T. Nelson
nm0005272	Thomas Ian Nicholas
nm0005278	Jerry O'Connell
nm0005286	Haley Joel Osment
nm0005295	Trey Parker
nm0005342	Norman Reedus
nm0005351	Ryan Reynolds
nm0005363	Guy Ritchie
nm0005377	Sam Rockwell
nm0005386	Cecilia Roth
nm0005388	Brad Rowe
nm0005392	Keri Russell
nm0005403	Jason Schwartzman
nm0005404	Rusty Schwimmer
nm0005436	John Singleton
nm0005442	Amy Smart
nm0005458	Jason Statham
nm0005460	Mary Steenburgen
nm0005466	Julia Stiles
nm0005476	Hilary Swank
nm0005493	Justin Timberlake
nm0005513	Alanna Ubach
nm0005541	Marlon Wayans
nm0005562	Owen Wilson
nm0006433	Karisma Kapoor
nm0006476	Paul McGuigan
nm0006487	Jim Sheridan
nm0006498	Majid Majidi
nm0006664	Zdenek Sverák
nm0006669	William Sadler
nm0006689	Preity Zinta
nm0006763	Jackie Shroff
nm0006795	Salman Khan
nm0006969	Elizabeth Banks
nm0007102	Tabu
nm0007114	Sonali Bendre
nm0007181	Yash Chopra
nm0007814	Hiam Abbass
nm0007958	Diahnne Abbott
nm0008346	Hiroshi Abe
nm0009190	J.J. Abrams
nm0009413	Jonas Abry
nm0009716	Kirk Acevedo
nm0010736	Amy Adams
nm0011038	Jane Adams
nm0011470	Andrew Adamson
nm0011478	Christopher Adamson
nm0012358	Kristina Adolphson
nm0012523	Scott Adsit
nm0012541	Nikkhil Advani
nm0012557	Ljubica Adzovic
nm0012778	Aftab Shivdasani
nm0013037	Shohreh Aghdashloo
nm0013833	Ah-Lei Gua
nm0013932	Michael Aherne
nm0014062	Börje Ahlstedt
nm0014081	Dolly Ahluwalia
nm0014582	Liam Aiken
nm0014981	Florijan Ajdini
nm0015130	Demet Akbag
nm0015196	Malin Akerman
nm0015295	Zoya Akhtar
nm0015359	Fatih Akin
nm0015382	Adewale Akinnuoye-Agbaje
nm0015677	Hudhail Al-Amir
nm0015764	Derya Alabora
nm0015988	Mazhar Alanson
nm0016089	Zeki Alasya
nm0017988	Mija Aleksic
nm0019247	Tomas Alfredson
nm0021249	Roger Allers
nm0021655	Pernilla Allwin
nm0022765	Héctor Alterio
nm0023832	Mathieu Amalric
nm0023839	Amala Akkineni
nm0024622	Alejandro Amenábar
nm0024912	Shimit Amin
nm0025745	Elena Anaya
nm0026442	Brad Anderson
nm0026879	Jeff Anderson
nm0027215	Miles Anderson
nm0027572	Wes Anderson
nm0027683	Harriet Andersson
nm0027815	Roy Andersson
nm0030417	Hideaki Anno
nm0030735	Nimród Antal
nm0031342	Predrag Antonijevic
nm0031844	Takeshi Aono
nm0032810	Julian Arahanga
nm0034309	Geoffrey Arend
nm0034390	Niels Arestrup
nm0035087	Robert Arkins
nm0035514	Richard Armitage
nm0037410	Karina Arroyave
nm0038918	Kate Ashfield
nm0039967	Adriana Asti
nm0040472	William Atherton
nm0041066	Antonella Attili
nm0041281	Rene Auberjonois
nm0041334	Stéphane Aubier
nm0041932	Mark Rydell
nm0042191	Eberhard Auriga
nm0042998	Lloyd Avery II
nm0043742	David Ayer
nm0044073	Lubna Azabal
nm0045075	Jagapathi Babu
nm0045393	Abhishek Bachchan
nm0046277	Bae Doona
nm0046424	Veerle Baetens
nm0046575	Vladas Bagdonas
nm0046667	Abdolrahman Bagheri
nm0047962	Chieko Baishô
nm0047963	Mitsuko Baishô
nm0048075	Manoj Bajpayee
nm0048081	Izudin Bajrovic
nm0048121	Miroslaw Baka
nm0048414	Dylan Baker
nm0048918	Sean Baker
nm0049086	Afshin Khorshid Bakhtiari
nm0049326	Aleksey Balabanov
nm0050337	Angeline Ball
nm0051509	Eric Bana
nm0051643	Tony Bancroft
nm0055549	Christopher Daniel Barnes
nm0056187	Sacha Baron Cohen
nm0056725	Christophe Barratier
nm0057314	Andrew Philpot
nm0058581	Justin Bartha
nm0059431	Jay Baruchel
nm0059654	David Alan Basche
nm0059946	Elya Baskin
nm0060931	Jeanne Bates
nm0061484	Giuseppe Battiston
nm0065615	Wolfgang Becker
nm0066070	Pooja Bedi
nm0067367	Bérénice Bejo
nm0068260	Jamie Bell
nm0069994	Ben Niu
nm0070991	Pascal Benezech
nm0071059	Hubertus Bengsch
nm0071345	Paul Benjamin
nm0072124	Zachary Bennett
nm0072533	Jodi Benson
nm0073353	Aleksandar Bercek
nm0074834	Mary Kay Bergman
nm0075321	Christian Berkel
nm0075528	Greg Berlanti
nm0075710	François Berléand
nm0077007	Bill Bernstein
nm0077397	Elizabeth Berrington
nm0077551	Glen Berry
nm0077669	Sam Berry
nm0077670	Sarah Berry
nm0077715	Dorothée Berryman
nm0078517	Gene Bervoets
nm0079273	Paul Bettany
nm0080149	Jaya Bachchan
nm0080150	Rita Bhaduri
nm0080220	Sanjay Leela Bhansali
nm0080235	Vishal Bhardwaj
nm0080349	Dibyendu Bhattacharya
nm0081175	Jean-Luc Bideau
nm0081433	Fabián Bielinsky
nm0081449	Dragan Bjelogrlic
nm0081540	Susanne Bier
nm0081572	Craig Bierko
nm0082052	Jan Bijvoet
nm0082211	Haluk Bilginer
nm0082507	Beau Billingslea
nm0082517	John Billingsley
nm0082526	Peter Billingsley
nm0083348	Brad Bird
nm0083655	Gil Birmingham
nm0083777	Taner Birsel
nm0084443	Seema Biswas
nm0084484	Rene Bitorajac
nm0085312	Jack Black
nm0085400	Lewis Black
nm0087249	Eduardo Blanco
nm0087794	Caio Blat
nm0088955	Neill Blomkamp
nm0089217	Orlando Bloom
nm0089244	Verna Bloom
nm0089940	Don Bluth
nm0091074	Sergey Bodrov
nm0092184	Richard Bohringer
nm0092290	Curt Bois
nm0092961	Sarah Bolger
nm0094435	Bong Joon Ho
nm0094526	Alessio Boni
nm0095017	Hugh Bonneville
nm0095029	Lawrence A. Bonney
nm0095478	Mark Boone Junior
nm0096965	Attila Borlan
nm0097893	Rahul Bose
nm0100205	Joy Boushel
nm0104051	Justin Braine
nm0104180	Martin Brambach
nm0105169	Ash Brannon
nm0107774	Eric Bress
nm0108703	Sean Bridgers
nm0110334	Nicolas Bro
nm0111376	Eleanor Bron
nm0112932	Neil Brown Jr.
nm0113595	Garrett M. Brown
nm0114460	Ralph Brown
nm0116040	Natja Brunckhorst
nm0117368	Lars Brygmann
nm0117709	Daniel Brühl
nm0117911	Carlo Buccirosso
nm0122216	Abbas Alibhai Burmawalla
nm0122217	Mastan Alibhai Burmawalla
nm0122653	Edward Burns
nm0123785	Ben Burtt
nm0124930	Gerard Butler
nm0125123	Roy Butler
nm0126969	Erika Bók
nm0130572	Cab Calloway
nm0132257	Bruce Campbell
nm0132709	Martin Campbell
nm0133448	Erkan Can
nm0133899	Guillaume Canet
nm0134072	Bobby Cannavale
nm0134073	Enzo Cannavale
nm0134493	Giorgio Cantarini
nm0134862	Cuifen Cao
nm0135584	Francis Capra
nm0136797	Steve Carell
nm0137228	Christian Carion
nm0138061	Bengt C.W. Carlsson
nm0138809	John Carney
nm0139388	Joseph A. Carpenter
nm0141133	Stanislas Carré de Malberg
nm0142972	Amira Casar
nm0145049	Enrique Castillo
nm0146264	Michael Caton
nm0147147	Henry Cavill
nm0147605	Carlo Cecchi
nm0148418	Michael Cera
nm0148516	Aleksey Serebryakov
nm0149196	Nuri Bilge Ceylan
nm0149822	Mithun Chakraborty
nm0149936	Andrey Khalimon
nm0150770	Lothar Chamski
nm0151068	Philip Chan
nm0151419	Kyle Chandler
nm0151546	S.A. Chandrashekhar
nm0151654	Chang Chen
nm0152061	Winston Chao
nm0152082	Damian Chapa
nm0153100	Melissa Fahn
nm0153738	Daveigh Chase
nm0154139	Moushumi Chatterjee
nm0154716	Stephen Chbosky
nm0154819	Jeremiah S. Chechik
nm0155179	Chi-Hwa Chen
nm0155280	Kaige Chen
nm0156432	Tung Cho 'Joe' Cheung
nm0157771	May Chin
nm0157796	Tsai Chin
nm0157805	Elaine Jin
nm0157905	Kieu Chinh
nm0158626	John Cho
nm0158856	Choi Min-sik
nm0158984	Sylvain Chomet
nm0159109	Yoshiaki Kawajiri
nm0159147	Aditya Chopra
nm0159201	Yuen Chor
nm0159507	Stephen Chow
nm0160846	Kong Chu
nm0163706	Bob Clark
nm0165101	Patricia Clarkson
nm0166256	Ron Clements
nm0167388	François Cluzet
nm0167501	Suzanne Clément
nm0168262	Rory Cochrane
nm0169480	Jeff Cohen
nm0169806	Taika Waititi
nm0175262	Billy Connolly
nm0175814	Frances Conroy
nm0175916	Paddy Considine
nm0175931	Anne Consigny
nm0176869	Steve Coogan
nm0176905	Barry Cook
nm0177896	Bradley Cooper
nm0177933	Chris Cooper
nm0179221	Anton Corbijn
nm0179697	Ericson Core
nm0179960	Annie Corley
nm0180580	Jose Coronado
nm0181425	Jesse Corti
nm0181902	George P. Cosmatos
nm0182839	Marion Cotillard
nm0185819	Daniel Craig
nm0186452	Heather Craney
nm0186505	Bryan Cranston
nm0186677	Lorella Cravotta
nm0186761	Ellen Crawford
nm0187724	Wendy Crewson
nm0188949	Alison Crosbie
nm0189887	Marie-Josée Croze
nm0190208	Greg Cruttwell
nm0190800	Sándor Csányi
nm0190859	Alfonso Cuarón
nm0192377	Liam Cunningham
nm0193135	Stephen Curry
nm0193485	Richard Curtis
nm0193508	Simon Curtis
nm0193579	Tuncel Kurtiz
nm0194143	Zoran Cvijanovic
nm0194572	Javier Cámara
nm0194788	Michel Côté
nm0196375	Parvin Dabas
nm0196860	Olivier Dahan
nm0196928	Henrik Dahl
nm0197636	Stephen Daldry
nm0199006	Linh-Dan Pham
nm0199774	Isa Danieli
nm0200452	Paul Dano
nm0200848	Ingeborga Dapkunaite
nm0201638	Danielle Darrieux
nm0201857	Ricardo Darín
nm0202870	Eleanor David
nm0202966	Keith David
nm0204628	Garth Davis
nm0205063	Lucy Davis
nm0205373	Rochelle Davis
nm0205626	Viola Davis
nm0205811	Baki Davrak
nm0206257	Rosario Dawson
nm0206753	Gregory Dayton
nm0206760	Jonathan Dayton
nm0209404	Rodrigo de la Serna
nm0211920	Marina de Tavira
nm0213450	Dean DeBlois
nm0215455	Ronnie Del Carmen
nm0217386	David Della Rocco
nm0218547	Zeki Demirkubuz
nm0219939	Danny Denzongpa
nm0219971	Sunny Deol
nm0219990	Kassie Wesley DePaiva
nm0220015	Elisabeth Depardieu
nm0220729	János Derzsi
nm0221046	Zooey Deschanel
nm0221745	Natalie Dessay
nm0222426	Ajay Devgn
nm0223521	Anil Dhawan
nm0223606	Tigmanshu Dhulia
nm0225944	August Diehl
nm0226699	Bogdan Diklic
nm0227039	Melinda Dillon
nm0227759	Peter Dinklage
nm0229301	Branko Djuric
nm0229943	Vernon Dobtcheff
nm0230032	Pete Docter
nm0230812	Leo Dolan
nm0230859	Xavier Dolan
nm0231652	Solveig Dommartin
nm0232357	Jean-Claude Donda
nm0232627	Bernard-Pierre Donnadieu
nm0233145	Alison Doody
nm0233757	Jaco Van Dormael
nm0233807	Richard Dormer
nm0234237	Anne Dorval
nm0234541	Roy Dotrice
nm0234780	Ziad Doueiri
nm0235342	Marie-Laure Dougnac
nm0236729	Srdjan Dragojevic
nm0237237	Jamie Draven
nm0237835	Jean-Claude Dreyfus
nm0239267	Lillete Dubey
nm0240318	Lola Dueñas
nm0240359	Anne-Marie Duff
nm0240524	Dorothy Duffy
nm0240627	Troy Duffy
nm0241049	Josh Duhamel
nm0241121	Jean Dujardin
nm0241131	Davor Dujmovic
nm0242026	Lindsay Duncan
nm0243842	Giustino Durano
nm0244890	Divya Dutta
nm0244892	J.P. Dutta
nm0245176	Ceyda Düvenci
nm0245988	Trine Dyrholm
nm0246386	Mélissa Désormeaux-Poulin
nm0246570	Enrique Diaz
nm0248408	Emilio Echevarría
nm0248600	Andrea Eckert
nm0248680	Gwen Eckhaus
nm0248942	Uli Edel
nm0249291	Joel Edgerton
nm0249378	Matthew Edison
nm0249735	Allan Edwall
nm0251139	Yôsuke Eguchi
nm0251986	Jesse Eisenberg
nm0252230	Chiwetel Ejiofor
nm0252753	Khaled El-Sawi
nm0252961	Idris Elba
nm0253024	Cansel Elcin
nm0254178	Adam Elliot
nm0254402	Chris Elliott
nm0254712	Aunjanue Ellis
nm0255175	Chase Ellison
nm0256609	Tôru Emori
nm0256658	Tameka Empson
nm0256890	Lena Endre
nm0258221	Ildikó Enyedi
nm0258388	Louis Eppolito
nm0258784	Yilmaz Erdogan
nm0259472	Altan Erkekli
nm0259831	Homayoun Ershadi
nm0262635	Chris Evans
nm0262693	David Mickey Evans
nm0263591	Rex Everhart
nm0265229	Torbjörn Fahlström
nm0266170	Lisanne Falk
nm0266658	Siu-Wong Fan
nm0266824	Dakota Fanning
nm0267042	Golshifteh Farahani
nm0267506	Anna Faris
nm0267512	Valerie Faris
nm0268199	Colin Farrell
nm0268297	Nicholas Farrell
nm0268380	Peter Farrelly
nm0268488	Amir Farrokh Hashemian
nm0269463	Jon Favreau
nm0270073	Frédérique Feder
nm0270147	Birgitte Federspiel
nm0270830	Raphael Fejtö
nm0272173	Colm Feore
nm0272401	Craig Ferguson
nm0272581	Rebecca Ferguson
nm0272677	Sabrina Ferilli
nm0275486	Tina Fey
nm0276349	Shane Meadows
nm0277213	Nathan Fillion
nm0277975	Frank Finlay
nm0278239	Siobhan Finneran
nm0281424	James Fleet
nm0281453	Susan Fleetwood
nm0281486	Charles Fleischer
nm0281508	Ruben Fleischer
nm0282027	Jack Fletcher
nm0282936	Rosario Flores
nm0283253	Wendee Lee
nm0283492	Jerome Flynn
nm0286570	Shahrokh Foroutanian
nm0286975	Marc Forster
nm0287182	Will Forte
nm0288976	Emilia Fox
nm0293455	Jonathan Freeman
nm0293509	Martin Freeman
nm0293550	Paul Freeman
nm0295823	Arno Frisch
nm0296545	Nick Frost
nm0297083	Ewa Fröling
nm0297450	Miguel Ángel Fuentes
nm0297578	Patrick Fugit
nm0297885	Tatsuya Fujiwara
nm0297906	Kyôko Fukada
nm0297935	Kinji Fukasaku
nm0298048	Masaharu Fukuyama
nm0298281	Kurt Fuller
nm0298807	Antoine Fuqua
nm0299192	Toshio Furukawa
nm0299228	Tôru Furuya
nm0299811	Benno Fürmann
nm0301515	Janusz Gajos
nm0301826	Bob Gale
nm0301959	Johnny Galecki
nm0302108	Zach Galifianakis
nm0302330	John Gallagher Jr.
nm0304265	Delhi Ganesh
nm0304541	Dennis Gansel
nm0305558	Gael García Bernal
nm0307497	Alex Garland
nm0307531	Jeff Garlin
nm0309107	Tatsuya Gashûin
nm0309404	Johanna Gastdorf
nm0309693	Mark Gatiss
nm0309945	Maxim Gaudette
nm0311212	You Ge
nm0311476	Martina Gedeck
nm0312648	Zuhal Gencer
nm0312656	Tesshô Genda
nm0313623	Terry George
nm0315288	John Getz
nm0315760	Abdel Ahmed Ghili
nm0315842	Bahman Ghobadi
nm0316074	Marco Giallini
nm0316079	Paul Giamatti
nm0316701	Mary Gibbs
nm0317243	The Great Gidayû
nm0317385	Frank Giering
nm0317725	Ariadna Gil
nm0318383	Allan Gildea
nm0318821	Aidan Gillen
nm0319659	Dan Gilroy
nm0319843	Daniel Giménez Cacho
nm0320285	Marco Tullio Giordana
nm0320323	Domiziana Giordano
nm0320660	François Girard
nm0320721	Rémy Girard
nm0320762	Hippolyte Girardot
nm0321108	Guðrún Gísladóttir
nm0321764	Anton Glanzelius
nm0322407	Brendan Gleeson
nm0322937	Krzysztof Globisz
nm0323483	Luis Gnecco
nm0324397	Dave Goelz
nm0324658	Walton Goggins
nm0324672	Michael Lee Gogin
nm0325989	Renée Elise Goldsberry
nm0327273	Michel Gondry
nm0327944	Alejandro G. Iñárritu
nm0328751	Caroline Goodall
nm0328828	Matthew Goode
nm0329481	Ginnifer Goodwin
nm0330687	Joseph Gordon-Levitt
nm0331516	Ryan Gosling
nm0332950	Ashutosh Gowariker
nm0334262	Richard Graham
nm0334318	Stephen Graham
nm0334882	Darío Grandinetti
nm0336620	F. Gary Gray
nm0339030	Paul Greengrass
nm0339621	Pascal Greggory
nm0339737	Andre Gregory
nm0340260	Zach Grenier
nm0341737	Rachel Griffiths
nm0341743	Richard Griffiths
nm0342399	Greg Grunberg
nm0342488	Rupert Grint
nm0343082	Marc-André Grondin
nm0344259	J. Mackye Gruber
nm0344798	Halina Gryglaszewska
nm0344932	Laurent Grévill
nm0344963	Herbert Grönemeyer
nm0345174	Luca Guadagnino
nm0345999	Blanca Guerra
nm0346270	Álvaro Guerrero
nm0346415	Nicholas Guest
nm0347509	Tom Guiry
nm0347901	Rakhee Gulzar
nm0348181	James Gunn
nm0348409	Bob Gunton
nm0348481	Neena Gupta
nm0349776	Bertil Guve
nm0349777	Ozan Güven
nm0350079	Luis Guzmán
nm0350451	Linda Zilliacus
nm0350453	Jake Gyllenhaal
nm0351550	Erol Günaydin
nm0352032	Kamal Haasan
nm0352778	Bill Hader
nm0353546	Julie Hagerty
nm0353673	Paul Haggis
nm0353714	Ken'ichi Hagiwara
nm0354091	Andrew Haigh
nm0354198	Jeanette Hain
nm0355024	Tony Hale
nm0355097	Jackie Earle Haley
nm0358316	Jon Hamm
nm0359387	John Lee Hancock
nm0359734	Michael Haneke
nm0360598	Glen Hansard
nm0362766	Tom Hardy
nm0362959	Christine Hargreaves
nm0365140	Naomie Harris
nm0365445	Wood Harris
nm0366004	Mary Harron
nm0366846	Jo Hartley
nm0366946	Elizabeth Hartman
nm0368107	Husnija Hasimovic
nm0368689	Leila Hatami
nm0368969	Kotoe Hatsui
nm0368990	Rohini Hattangadi
nm0369814	Nigel Havers
nm0370221	Screamin' Jay Hawkins
nm0370677	Megumi Hayashibara
nm0370700	John Haycraft
nm0371890	Michel Hazanavicius
nm0371891	Serge Hazanavicius
nm0372078	Saifei He
nm0372176	Lena Headey
nm0374901	Alexander Held
nm0374949	Johan Heldenbergh
nm0376716	Christina Hendricks
nm0377905	Linda Henry
nm0378245	Taraji P. Henson
nm0379114	David Herman
nm0379179	Mark Herman
nm0382216	Christopher Heyerdahl
nm0382402	Jean Heywood
nm0382830	Dan Hicks
nm0382956	Scott Hicks
nm0383022	Noriko Hidaka
nm0383708	Rumi Hiiragi
nm0386246	Rajkumar Hirani
nm0386414	Ryôko Hirosue
nm0386472	Emile Hirsch
nm0386570	Oliver Hirschbiegel
nm0386752	Aya Hisakawa
nm0387706	Gregory Hoblit
nm0388382	Tyler Hoechlin
nm0389109	Thom Hoffman
nm0389424	Marco Hofschneider
nm0389425	René Hofschneider
nm0389621	Stephen Hogan
nm0391502	Hannes Holm
nm0392073	Tina Holmes
nm0393094	Ishirô Honda
nm0393125	Marcus Hondro
nm0393365	Yoko Honna
nm0393535	Randeep Hooda
nm0393799	Tom Hooper
nm0394653	Katsunosuke Hori
nm0394690	Ryô Horikawa
nm0396074	Mamoru Hosoda
nm0396558	Nicholas Hoult
nm0396812	Danny Huston
nm0396924	Carice van Houten
nm0397102	Alan Howard
nm0397171	Bryce Dallas Howard
nm0397174	Byron Howard
nm0397788	Brian Howe
nm0398555	Ágnes Hranitzky
nm0398760	Siu-Lung Leung
nm0399088	Patrick Huard
nm0402032	Barry Humphries
nm0402271	Charlie Hunnam
nm0403652	Ryan Hurst
nm0404091	Francis Huster
nm0405632	Mikael Håfström
nm0406157	Hümeyra
nm0407296	Tsuyoshi Ihara
nm0407372	Mayumi Izuka
nm0408030	Miki Imai
nm0410832	Yûsuke Iseya
nm0410942	Yuriko Ishida
nm0411167	Unshô Ishizuka
nm0411631	Jûzô Itami
nm0411790	Shigesato Itoi
nm0412096	Vlad Ivanov
nm0412465	James Ivory
nm0412585	Junko Iwao
nm0412628	Mitsuo Iwata
nm0412652	Stefania Iwinska
nm0413168	Hugh Jackman
nm0414272	Ernst Jacobi
nm0415412	Nafise Jafar-Mohammadi
nm0415714	Thomas Jahn
nm0416077	Farida Jalal
nm0417301	Janakaraj
nm0417520	Jang Dong-Gun
nm0418883	Kevin Jarre
nm0420065	Kalina Jedrusik
nm0420955	Richard Jenkins
nm0421314	Anders Thomas Jensen
nm0421776	Vicky Jenson
nm0421799	Julia Jentsch
nm0422484	Norman Jewison
nm0422552	Prakash Jha
nm0422586	Ayesha Jhulka
nm0422640	Wu Jiang
nm0423524	Alejandro Jodorowsky
nm0423525	Axel Jodorowsky
nm0423646	Roland Joffé
nm0424060	Scarlett Johansson
nm0424103	Karan Johar
nm0424302	Dave Johns
nm0424848	Dakota Johnson
nm0425005	Dwayne Johnson
nm0426059	Rian Johnson
nm0426435	Wil Johnson
nm0427066	Mirjana Jokovic
nm0428065	Felicity Jones
nm0428121	Gemma Jones
nm0429069	Rashida Jones
nm0430107	Michael B. Jordan
nm0430151	Richard Jordan
nm0430746	Erland Josephson
nm0430803	Mohan Joshi
nm0430817	Sharman Joshi
nm0431918	Mike Judge
nm0432040	Gérard Jugnot
nm0432428	Jun Ji-hyun
nm0432601	Jung Woo-sung
nm0432753	Caio Junqueira
nm0433495	Ernst-Hugo Järegård
nm0436639	Tsunehiko Kamijô
nm0437147	Kanchana
nm0437526	Shûsuke Kaneko
nm0437580	Takeshi Kaneshiro
nm0437625	Je-kyu Kang
nm0437816	Miho Kanno
nm0438461	Abhishek Kapoor
nm0438463	Anil Kapoor
nm0438465	Annu Kapoor
nm0438494	Rajat Kapoor
nm0438496	Rajit Kapoor
nm0438501	Rishi Kapoor
nm0438632	Ram Kapoor
nm0439292	Nelly Karim
nm0439307	Babak Karimi
nm0439334	Rita Karin
nm0440604	Anurag Kashyap
nm0440913	Mathieu Kassovitz
nm0441287	Branka Katic
nm0441401	Tokiko Katô
nm0442109	Charlie Kaufman
nm0442241	Philip Kaufman
nm0442454	Aki Kaurismäki
nm0442479	Satish Kaushik
nm0443221	Bülent Kayabas
nm0443411	Tony Kaye
nm0443509	Iemasa Kayumi
nm0444244	Abdellatif Kechiche
nm0444248	Salim Kechiouche
nm0446819	Richard Kelly
nm0447240	Kunal Khemu
nm0447695	Anna Kendrick
nm0448204	Maria Doyle Kennedy
nm0449828	Mamaengaroa Kerr-Bell
nm0449984	Irvin Kershner
nm0451122	Chulpan Khamatova
nm0451148	Aamir Khan
nm0451174	Arshad Warsi
nm0451234	Irrfan Khan
nm0451257	Mansoor Khan
nm0451307	Saif Ali Khan
nm0451321	Shah Rukh Khan
nm0451379	Akshaye Khanna
nm0451600	Anupam Kher
nm0451601	Kirron Kher
nm0452102	Abbas Kiarostami
nm0452817	Kirin Kiki
nm0453248	Buzz Kilman
nm0453518	Jee-woon Kim
nm0453705	Kim Tae-Woo
nm0454120	Takuya Kimura
nm0454128	Yoshino Kimura
nm0455688	Melinda Kinnaman
nm0456077	Güven Kiraç
nm0456124	Bruno Kirby
nm0456400	Nazan Kesal
nm0457229	Kayoko Kishimoto
nm0458064	Bodil Kjer
nm0459552	Elem Klimov
nm0460578	Herbert Knaup
nm0461136	Keira Knightley
nm0461746	Sidse Babett Knudsen
nm0462042	Nenji Kobayashi
nm0462407	Sebastian Koch
nm0463539	Manisha Koirala
nm0463649	Nikola Kojo
nm0464521	Poonam Sinha
nm0464804	Satoshi Kon
nm0464855	Christoph Koncz
nm0464911	Yoshifumi Kondô
nm0466153	Hirokazu Koreeda
nm0466345	Mihály Kormos
nm0467646	Ted Kotcheff
nm0468003	Hubert Koundé
nm0468651	Wladyslaw Kowalski
nm0468708	Mami Koyama
nm0470385	Aleksey Kravchenko
nm0470981	Thomas Kretschmann
nm0471447	Ramya Krishnan
nm0471472	Suchitra Krishnamoorthi
nm0473802	Yûki Kudô
nm0474398	Nagesh Kukunoor
nm0474492	Agata Kulesza
nm0474649	Jarl Kulle
nm0474774	Akshay Kumar
nm0475411	Sakari Kuosmanen
nm0475752	Chiaki Kuriyama
nm0476011	Mehmet Kurtulus
nm0476334	Fikret Kuskan
nm0477449	Hisako Kyôda
nm0477810	Juliane Köhler
nm0477867	Luk Piyes
nm0479471	Shia LaBeouf
nm0479810	Stephan Lacant
nm0480869	Art LaFleur
nm0481418	Richard LaGravenese
nm0481709	Leon Lai
nm0482309	Lal
nm0482311	Archie Lal
nm0482320	Mohanlal
nm0482628	Ka-Tung Lam
nm0485950	Sihung Lung
nm0487884	Alexandra Maria Lara
nm0488306	Linda Larkin
nm0488917	Thomas Bo Larsen
nm0488953	Brie Larson
nm0489281	Stefan Larsson
nm0489858	Rolf Lassgård
nm0490487	Andrew Lau
nm0490489	Andy Lau
nm0490708	Liubomiras Laucevicius
nm0491190	James Laurenson
nm0491259	Mélanie Laurent
nm0492249	Konstantin Lavronenko
nm0494504	Anne Le Ny
nm0495470	Joséphine Lebas-Joly
nm0496932	Lee Byung-hun
nm0497046	Cinqué Lee
nm0497097	Danny Lee
nm0497249	Eun-ju Lee
nm0497274	Francis Lee
nm0497565	John H. Lee
nm0497570	John Rafter Lee
nm0497631	Lee Jung-jae
nm0497662	Kelly Lee
nm0498472	Lee Yeong-ae
nm0500610	David Leitch
nm0501435	Kasi Lemmons
nm0501721	Jean Lenauer
nm0502412	Edoardo Leo
nm0502425	Melissa Leo
nm0503033	Atossa Leoni
nm0503443	Chete Lera
nm0503567	Logan Lerman
nm0503627	Michael Lerner
nm0504513	Richard Lester
nm0504897	Tony Chiu-Wai Leung
nm0504962	Ken Leung
nm0505323	Johny Lever
nm0506165	Andrew Levitas
nm0506784	José Lewgoy
nm0508293	Thierry Lhermitte
nm0509258	Anki Lidén
nm0509263	Nikolaj Lie Kaas
nm0509264	Anders Danielsen Lie
nm0509583	Jan Josef Liefers
nm0510546	Ji-Eun Lim
nm0510731	Doug Liman
nm0510857	Brigitte Lin
nm0513913	Soia Lira
nm0514007	Theodore Liscinski
nm0514906	Chia-Liang Liu
nm0515296	Ron Livingston
nm0515950	Danny Lloyd
nm0516222	Luigi Lo Cascio
nm0516360	Ken Loach
nm0517642	Phyllis Logan
nm0518715	Jason London
nm0518821	John Lone
nm0518836	Kenneth Lonergan
nm0519735	Anne-Marie Loop
nm0520488	Phil Lord
nm0521051	Jean-Pierre Lorit
nm0521443	Susanne Lothar
nm0523821	Olaf Lubaszenko
nm0524197	Josh Lucas
nm0525303	Baz Luhrmann
nm0525518	Florian Lukas
nm0526019	Diego Luna
nm0526199	Kátia Lund
nm0526406	Joan Lunden
nm0526616	Henrik Lundström
nm0527099	John Lurie
nm0528331	Jane Lynch
nm0528718	Jonathan Lynn
nm0530365	Sergi López
nm0530864	Jingwu Ma
nm0531751	Hettie Macdonald
nm0531817	Kevin Macdonald
nm0532193	Matthew Macfadyen
nm0532536	Piotr Machalica
nm0533284	David Mackenzie
nm0533334	John Mackenzie
nm0534856	Madhavan
nm0534879	Ram Madhvani
nm0535295	Roman Madyanov
nm0535329	Aki Maeda
nm0535502	Mía Maestro
nm0536954	Hossein Mahjoub
nm0538320	Alan Mak
nm0538794	Dragan Maksimovic
nm0539395	Arthur Malet
nm0539497	Pawan Malhotra
nm0540441	Jena Malone
nm0542009	Gaspard Manesse
nm0542635	Alakina Mann
nm0543547	Predrag 'Miki' Manojlovic
nm0544718	Kate Mara
nm0546797	Mark Margolis
nm0547349	Eli Marienthal
nm0548686	Karl Markovics
nm0549658	Richard Marquand
nm0555093	Fele Martínez
nm0555404	María Marull
nm0556094	Masayuki
nm0557859	Chiara Mastroianni
nm0557956	Richard Masur
nm0559144	Marlee Matlin
nm0559381	Takako Matsu
nm0559444	Yôji Matsuda
nm0559551	Rica Matsumoto
nm0559652	Nanako Matsushima
nm0559877	John Mathew Matthan
nm0559890	Ulrich Matthes
nm0560093	Liesel Matthews
nm0560962	Carmen Maura
nm0561809	Roberta Maxwell
nm0561813	Ron Maxwell
nm0563039	Melanie Mayron
nm0564215	James McAvoy
nm0564402	Simon McBurney
nm0565336	Tom McCarthy
nm0566406	Kevin McCorkle
nm0567031	Helen McCrory
nm0567356	Martine McCutcheon
nm0569000	Darren McGavin
nm0570912	Adam McKay
nm0571106	Michael McKean
nm0571630	Doug McKeon
nm0571727	Kevin McKidd
nm0571853	Bill McKinney
nm0574534	Ian McShane
nm0574625	James McTeigue
nm0575184	Russell Means
nm0575523	Julio Medem
nm0576169	Meena
nm0576554	Hansal Mehta
nm0576559	Ketan Mehta
nm0576987	Fernando Meirelles
nm0577616	Patrice Melennec
nm0577647	Theodore Melfi
nm0577828	Joseph Melito
nm0579823	Oleg Menshikov
nm0580101	Kad Merad
nm0582778	Irving Metzman
nm0583292	Nicholas Meyer
nm0584052	Paul Sanchez
nm0586227	Tatsuya Mihashi
nm0586281	Takashi Miike
nm0586482	Nikita Mikhalkov
nm0586486	Nadezhda Mikhalkova
nm0586568	Mads Mikkelsen
nm0587955	Bennett Miller
nm0588087	Christopher Miller
nm0588340	Frank Miller
nm0591450	Rob Minkoff
nm0592135	Lin-Manuel Miranda
nm0592500	Olga Mironova
nm0592782	Akhilendra Mishra
nm0592799	Sanjay Mishra
nm0593463	John Cameron Mitchell
nm0593664	Radha Mitchell
nm0594074	Kotono Mitsuishi
nm0594271	Akihiro Miwa
nm0594421	Nobuko Miyamoto
nm0594436	Yûko Miyamura
nm0594497	Aoi Miyazaki
nm0594503	Hayao Miyazaki
nm0594533	Rie Miyazawa
nm0594909	Teresa Mo
nm0596520	Gerald R. Molen
nm0598971	Yves Montand
nm0600409	Daniel Monzón
nm0600546	Lukas Moodysson
nm0600668	Moon So-ri
nm0601553	Mandy Moore
nm0601781	Rich Moore
nm0602392	Safar Ali Moradi
nm0602941	Nick Moran
nm0603628	Pierre Morel
nm0605479	Kôji Morimoto
nm0605786	Henning Moritzen
nm0605797	Shûichirô Moriyama
nm0607185	Jennifer Morrison
nm0607325	Temuera Morrison
nm0607865	Emily Mortimer
nm0608090	Samantha Morton
nm0608187	Mercedes Morán
nm0608210	Manuel Morón
nm0608214	Ali Mosaffa
nm0609403	Masahiro Motoki
nm0609549	Greg Mottola
nm0609944	Wagner Moura
nm0610831	Gabriele Muccino
nm0610904	Zoltán Mucsi
nm0611315	Anita Mui
nm0611552	Rani Mukerji
nm0611932	Peter Mullan
nm0612816	Cristian Mungiu
nm0614026	Shigeru Muroi
nm0614165	Cillian Murphy
nm0614220	Donna Murphy
nm0615780	John Musker
nm0617852	Wotan Wilke Möhring
nm0618057	Ulrich Mühe
nm0618690	Matheus Nachtergaele
nm0619110	Tatsuya Nagamine
nm0619185	Masatoshi Nagase
nm0619187	Tomoya Nagase
nm0619651	Ajay Naidu
nm0619870	Mohammad Amir Naji
nm0619923	Olivier Nakache
nm0619938	Tatsuya Nakadai
nm0620351	Giorgi Nakashidze
nm0620363	Tetsuya Nakashima
nm0621937	Nassar
nm0622407	Yui Natsukawa
nm0623214	Gorô Naya
nm0623673	Scott Neal
nm0623854	Mehdi Nebbou
nm0624383	Toshie Negishi
nm0625456	Jerry Nelson
nm0625458	Jessie Nelson
nm0625724	Ruth Nelson
nm0625789	Tim Blake Nelson
nm0626362	James Nesbitt
nm0628601	Thandiwe Newton
nm0628704	Jinpachi Nezu
nm0628955	Haing S. Ngor
nm0629272	Andrew Niccol
nm0629855	Julianne Nicholson
nm0631112	Juhani Niemelä
nm0631490	Bill Nighy
nm0631877	Dragan Nikolic
nm0632385	Najwa Nimri
nm0632497	Kazunari Ninomiya
nm0632689	Hidetoshi Nishijima
nm0632761	Masahiko Nishimura
nm0634159	Philippe Noiret
nm0634240	Christopher Nolan
nm0635070	Lars Nordh
nm0635330	Eduardo Noriega
nm0636218	Graham Norton
nm0636426	Noomi Rapace
nm0637181	Nancho Novo
nm0637493	Cyrus Nowrasteh
nm0637586	Masako Nozawa
nm0638056	Bill Nunn
nm0638824	Michael Nyqvist
nm0639297	Elmo Nüganen
nm0640334	Gavin O'Connor
nm0641168	Brian O'Halloran
nm0641314	Paige O'Hara
nm0641397	Dan O'Herlihy
nm0644022	Bob Odenkirk
nm0644406	Nick Offerman
nm0644521	Issei Ogata
nm0644527	Megumi Ogata
nm0645464	Aya Okamoto
nm0645513	Tensai Okamura
nm0645657	Hiroyuki Okiura
nm0645683	Sophie Okonedo
nm0646737	Vinícius de Oliveira
nm0647634	Elizabeth Olsen
nm0648762	Machiko Ono
nm0649117	Niels Arden Oplev
nm0650702	Leland Orser
nm0651534	Takao Osawa
nm0651660	Holmes Osborne
nm0651706	Mark Osborne
nm0651900	Mamoru Oshii
nm0652592	Ren Ôsugi
nm0652663	Patton Oswalt
nm0653669	Kati Outinen
nm0654104	Chris Owen
nm0654110	Clive Owen
nm0654240	Rena Owen
nm0654741	Selim Nasit
nm0654863	Rasim Öztekin
nm0654874	Erdal Özyagcilar
nm0655053	Sergio Pablos
nm0655683	José Padilha
nm0656644	Manoj Pahwa
nm0656759	Jong-hak Baek
nm0657064	Ho-Sung Pak
nm0657090	Kaija Pakarinen
nm0658041	Rossy de Palma
nm0658099	Alex Palmer
nm0660327	Irene Papas
nm0660978	Parviz Parastui
nm0661791	Park Chan-wook
nm0665262	Vincent Patar
nm0665550	Ratna Pathak Shah
nm0665554	Supriya Pathak
nm0666788	Christiane Paul
nm0667282	Gastón Pauls
nm0667734	Pawel Pawlikowski
nm0668247	Alexander Payne
nm0670408	Simon Pegg
nm0671326	Markku Peltola
nm0671567	Michael Peña
nm0672922	Sharon Percy
nm0675409	Mikael Persbrandt
nm0677037	Bob Peterson
nm0677899	Nina Petri
nm0679150	Candela Peña
nm0680846	Todd Phillips
nm0680983	Elliot Page
nm0681041	Max Phipps
nm0683116	Tim Pigott-Smith
nm0683253	Rosamund Pike
nm0683587	Søren Pilmark
nm0683950	Csaba Pindroch
nm0684342	Jan Pinkava
nm0684500	Dominique Pinon
nm0685527	Svetlana Pismichenko
nm0687189	Suzanne Pleshette
nm0688132	Amy Poehler
nm0690469	Pavel Ponomaryov
nm0692391	Blanca Portillo
nm0693799	Melvil Poupaud
nm0694066	Clifton Powell
nm0695177	Prakash Raj
nm0695435	Chris Pratt
nm0696463	Michael Preston
nm0696481	Robert Preston
nm0698184	Priyadarshan
nm0698921	Danielle Proulx
nm0699545	Daniel Prévost
nm0700687	Archana Puran Singh
nm0700869	Amrish Puri
nm0700875	Om Puri
nm0702479	Marília Pêra
nm0702541	Hanno Pöschl
nm0702818	Helmut Qualtinger
nm0704270	Zachary Quinto
nm0704694	Vijay Raaz
nm0705072	Francine Racette
nm0705152	Paul Raci
nm0705356	Daniel Radcliffe
nm0705535	Michael Radford
nm0706537	Per Ragnar
nm0706567	Pablo Rago
nm0706787	Aishwarya Rai Bachchan
nm0706953	K.K. Raina
nm0708216	Mohsen Ramezani
nm0709056	Peter Ramsey
nm0710549	Gajraj Rao
nm0711118	Phylicia Rashad
nm0711745	Mani Ratnam
nm0711805	Elden Henson
nm0712546	Paresh Rawal
nm0713747	Iain Rea
nm0714310	James Rebhorn
nm0714534	Aurélien Recoing
nm0716257	Matt Reeves
nm0716347	Nicolas Winding Refn
nm0717603	Halina Reijn
nm0718348	Michelle Reis
nm0718645	Ivan Reitman
nm0718646	Jason Reitman
nm0719208	Chris Renaud
nm0719606	Patrick Renna
nm0719637	Jeremy Renner
nm0720277	Antonio Resines
nm0721817	Kevin Reynolds
nm0722636	John Rhys-Davies
nm0725543	Don Rickles
nm0726262	Max Riemelt
nm0726635	Mary Riggans
nm0727165	Sam Riley
nm0728262	Mukesh Rishi
nm0728476	Lazar Ristovski
nm0728938	Emmanuelle Riva
nm0729345	Mabel Rivera
nm0732220	Michel Robin
nm0732309	Laila Robins
nm0732430	Bruce Robinson
nm0735442	Michelle Rodriguez
nm0736622	Seth Rogen
nm0738918	Lou Romano
nm0738922	Lúcia Romano
nm0741388	Gabrielle Rose
nm0741803	John Roselius
nm0743671	Matt Ross
nm0744834	Eli Roth
nm0745131	Marc Rothemund
nm0745247	Rodney Rothman
nm0747172	Ronit Roy
nm0748620	Paul Rudd
nm0748973	Maya Rudolph
nm0749104	Belén Rueda
nm0749263	Mark Ruffalo
nm0749363	Rufus
nm0750718	Claire Rushbrook
nm0751102	David O. Russell
nm0751541	Peggy Bussieck
nm0751577	Anthony Russo
nm0751648	Joe Russo
nm0752328	Stefan Ruzowitzky
nm0752407	Amy Ryan
nm0752751	Mitchell Ryan
nm0753314	Mark Rylance
nm0753480	Daisuke Ryû
nm0753666	Benoît Régent
nm0754184	S.J. Suryah
nm0755499	Laara Sadiq
nm0755705	Sana Saeed
nm0755797	Farahnaz Safari
nm0755941	Libuse Safránková
nm0756083	Bill Sage
nm0756964	Osamu Saka
nm0757076	Chika Sakamoto
nm0757290	Rei Sakuma
nm0757855	Zoe Saldana
nm0758487	Yesim Salkim
nm0758574	Walter Salles
nm0760665	Antonia San Juan
nm0760778	Fatima Sana Shaikh
nm0760796	Hiroyuki Sanada
nm0761420	Otto Sander
nm0761498	Chris Sanders
nm0764316	Rajkumar Santoshi
nm0764853	Saranya Ponvannan
nm0764877	Sarath Kumar
nm0765815	Nozomu Sasaki
nm0765911	Katrin Sass
nm0766005	Will Sasso
nm0766470	Sathyaraj
nm0766674	Anneli Sauli
nm0766837	Jennifer Saunders
nm0768027	Ikki Sawamura
nm0768297	Virendra Saxena
nm0769237	Renato Scarpa
nm0770942	Richard Schenkman
nm0771713	Tom Schilling
nm0771923	Sebastian Schipper
nm0773603	Julian Schnabel
nm0777432	Scott Schwartz
nm0777760	Eric Schweig
nm0778348	Katharina Schüttler
nm0778804	Alan Randolph Scott
nm0779785	Shaun Scott
nm0781245	Bahare Seddiqi
nm0781899	Pamela Adlon
nm0781981	Jason Segel
nm0782561	Emmanuelle Seigner
nm0782858	Yusuke Sekiguchi
nm0783139	Henry Selick
nm0784038	Sener Sen
nm0784039	Sermin Hürmeriç
nm0785227	Andy Serkis
nm0785565	Julieta Serrano
nm0785842	Toni Servillo
nm0786022	Roshan Seth
nm0786059	Asaka Seto
nm0786281	Bajram Severdzan
nm0786919	Safak Sezer
nm0787030	Shaan Shahid
nm0787453	Kundan Shah
nm0787462	Naseeruddin Shah
nm0788171	S. Shankar
nm0788370	Vicellous Shannon
nm0788767	John Sharian
nm0788855	Abhishek Sharma
nm0788918	Shishir Sharma
nm0789093	Lesley Sharp
nm0790291	John Shea
nm0790688	Michael Sheen
nm0791226	Rachel Shelley
nm0791502	Paul Shenar
nm0792116	Jimmy Shergill
nm0792202	Kirsten Sheridan
nm0792263	Taylor Sheridan
nm0792911	Suniel Shetty
nm0793532	Andrew Shim
nm0793585	Sumi Shimamoto
nm0793784	Shin Ha-kyun
nm0793987	Emi Shinohara
nm0794002	Yoshiko Shinohara
nm0794186	Ayano Shiraishi
nm0794896	Miriam Shor
nm0795661	Saurabh Shukla
nm0796117	M. Night Shyamalan
nm0796153	Miyoko Shôji
nm0796207	Georges Siatidis
nm0797672	Slobodan Sijan
nm0798899	David Silverman
nm0798971	Sarah Silverman
nm0799402	Anthony Simcoe
nm0799777	J.K. Simmons
nm0802080	Amrita Singh
nm0802107	Dara Singh Randhawa
nm0802248	Tarsem Singh
nm0803203	Rob Sitch
nm0803310	Siu Ping-Lam
nm0803890	Gustaf Skarsgård
nm0805789	Victor Slezak
nm0806293	George Sluizer
nm0807900	David Lee Smith
nm0811583	Zack Snyder
nm0814280	Kang-ho Song
nm0814289	Song Wok-suk
nm0814716	Ömer Faruk Sorak
nm0815070	Aaron Sorkin
nm0815204	Paolo Sorrentino
nm0816297	Filip Sovagovic
nm0817748	Bruce Spence
nm0818055	Octavia Spencer
nm0819412	Lisa Spoonauer
nm0820053	June Squibb
nm0820240	Srihari
nm0820282	Aditya Srivastav
nm0823435	Diego Starosta
nm0824373	Johanna ter Steege
nm0824785	Paprika Steen
nm0827663	Daniel Stern
nm0827973	Frances Sternhagen
nm0828970	John Stevenson
nm0830371	Slavko Stimac
nm0830967	Guy Stockwell
nm0831262	Danilo 'Bata' Stojkovic
nm0831440	Oliver Stokowski
nm0832792	Ken Stott
nm0834282	Gary Stretch
nm0834479	Devid Striesow
nm0834571	Kimberly Stringer
nm0834989	Jeremy Strong
nm0835016	Mark Strong
nm0836121	Michael Stuhlbarg
nm0836136	Jerzy Stuhr
nm0836343	Jim Sturgess
nm0837744	Viktor Sukhorukov
nm0837784	Barbara Sukowa
nm0839820	Sushant Singh
nm0841232	Jan Sverák
nm0841552	Arvind Swamy
nm0842770	Tilda Swinton
nm0843059	Eric Sykes
nm0843772	Grazyna Szapolowska
nm0844371	Borys Szyc
nm0845209	Aitana Sánchez-Gijón
nm0846092	Kamal Tabrizi
nm0846181	Takashi Tachibana
nm0846480	Cary-Hiroyuki Tagawa
nm0846548	Saïd Taghmaoui
nm0846681	Dalip Tahil
nm0847054	Hitoshi Takagi
nm0847146	Kazuya Takahashi
nm0847223	Isao Takahata
nm0847439	Minami Takayama
nm0847690	Yôjirô Takita
nm0848414	Lee Tamahori
nm0848968	Atsuko Tanaka
nm0849028	Mayumi Tanaka
nm0849100	Yûko Tanaka
nm0849164	Loveleen Tandan
nm0849199	Raveena Tandon
nm0849786	Danis Tanovic
nm0850162	Gerardo Taracena
nm0850601	Béla Tarr
nm0851302	Tsutomu Tatsumi
nm0851582	Audrey Tautou
nm0853238	Tate Taylor
nm0853498	Rima Te Wiata
nm0854924	Graciela Tenenbaum
nm0855093	Anne Tenney
nm0855385	Minori Terada
nm0855398	Susumu Terajima
nm0855417	Akira Terao
nm0855837	Patrizia Terreno
nm0856227	Jan Tesarz
nm0856500	Sylvie Testud
nm0857620	Justin Theroux
nm0858048	Mélanie Thierry
nm0860947	Ulrich Thomsen
nm0862479	Lung Ti
nm0863120	Deepak Tijori
nm0863171	Yogendra Tikku
nm0864622	Thelma Tixou
nm0864997	Stephen Tobolowsky
nm0865092	Frank Todaro
nm0865286	Sonia Todd
nm0865302	Tony Todd
nm0865392	Bora Todorovic
nm0865411	Srdjan 'Zika' Todorovic
nm0865918	Éric Toledano
nm0865949	Goya Toledo
nm0867780	Mehmet Emin Toprak
nm0868153	Giuseppe Tornatore
nm0868219	Guillermo del Toro
nm0868659	Gina Torres
nm0869088	Luis Tosar
nm0869467	Shaun Toub
nm0870319	Celile Toyon Uysal
nm0871136	Stephen Trask
nm0872910	Jasmine Trinca
nm0873385	Massimo Troisi
nm0873779	Gary Trousdale
nm0874232	Raoul Max Trujillo
nm0874676	Eric Tsang
nm0875320	Shinpachi Tsuji
nm0875332	Mahito Tsujimura
nm0875453	Kazuya Tsurumaki
nm0876138	Alan Tudyk
nm0876300	Ulrich Tukur
nm0877078	Yavuz Turgul
nm0877555	Frantz Turner
nm0878756	Tom Tykwer
nm0878763	Morten Tyldum
nm0879365	Annikki Tähti
nm0880407	Lembit Ulfsak
nm0880484	Gaspard Ulliel
nm0880851	Yoshiaki Umegaki
nm0881279	Lee Unkrich
nm0882203	Zaza Urushadze
nm0883754	Maru Valdivielso
nm0885249	Jean-Marc Vallée
nm0886976	Felix van Groeningen
nm0887769	Geert Van Rampelberg
nm0888276	Thierry van Werveke
nm0889846	Jacob Vargas
nm0889943	Ömer Vargi
nm0890060	Ram Gopal Varma
nm0890388	Luiz Carlos Vasconcelos
nm0891216	Matthew Vaughn
nm0891502	Nataliya Vdovina
nm0891554	Francis Veber
nm0893204	Diane Venora
nm0893257	Milo Ventimiglia
nm0893659	Gore Verbinski
nm0893872	Carlo Verdone
nm0893941	Maribel Verdú
nm0895384	Ondrej Vetchý
nm0897201	Joseph Vijay
nm0897640	Mónica Villa
nm0897845	Soledad Villamil
nm0898288	Denis Villeneuve
nm0898317	Jacques Villeret
nm0898546	Pruitt Taylor Vince
nm0898634	Frank Vincent
nm0899121	Thomas Vinterberg
nm0899953	Mike Vitar
nm0900266	Vivek
nm0900915	Jürgen Vogel
nm0902059	Tomas von Brömssen
nm0904303	Pavle Vuisic
nm0905152	Lilly Wachowski
nm0905154	Lana Wachowski
nm0905311	Justine Waddell
nm0905676	Ana Wagener
nm0908685	Jack Wallace
nm0908914	Dee Wallace
nm0909532	Aisling Walsh
nm0909626	Eileen Walsh
nm0910278	Julie Walters
nm0910607	Christoph Waltz
nm0910947	Faye Wong
nm0911061	Wayne Wang
nm0911096	Yu-Wen Wang
nm0911334	Matthew Warchus
nm0912001	Jack Warden
nm0913097	Manju Warrier
nm0913488	Kerry Washington
nm0913822	Ken Watanabe
nm0913860	Shin'ichirô Watanabe
nm0914455	Leonor Watling
nm0914612	Emma Watson
nm0915208	Naomi Watts
nm0915865	Jacki Weaver
nm0915989	Hugo Weaving
nm0918334	Scott Weinger
nm0920992	David Wenham
nm0921044	Klaus Wennemann
nm0922035	Dominic West
nm0923736	Joss Whedon
nm0924009	Alison Whelan
nm0924210	Ben Whishaw
nm0925096	Lari White
nm0925943	Mitchell Whitfield
nm0925966	Bradley Whitford
nm0926209	Steve Whitmire
nm0927812	Wiley Wiggins
nm0928134	James Wilby
nm0929489	Tom Wilkinson
nm0929609	Fred Willard
nm0930261	Chris Williams
nm0931324	Michael Kenneth Williams
nm0931329	Michelle Williams
nm0931404	Olivia Williams
nm0932870	André Wilms
nm0933727	Lambert Wilson
nm0933940	Patrick Wilson
nm0934902	Paul Winfield
nm0936374	Kirk Wise
nm0938176	Stuart Wolfenden
nm0938893	Anthony Chau-Sang Wong
nm0939182	Kar-Wai Wong
nm0939697	Evan Rachel Wood
nm0940362	Shailene Woodley
nm0941777	Sam Worthington
nm0942367	Edgar Wright
nm0942482	Jeffrey Wright
nm0942504	Joe Wright
nm0942787	Samuel E. Wright
nm0942901	Trevor Wright
nm0943072	Chien-Lien Wu
nm0943150	Nien-Jen Wu
nm0944834	Raghuvir Yadav
nm0945026	Boaz Yakin
nm0945131	Kôji Yakusho
nm0945189	Simon Yam
nm0945282	Yôji Yamada
nm0945290	Kôichi Yamadera
nm0945312	Akemi Yamaguchi
nm0945322	Kappei Yamaguchi
nm0945359	Tomoko Yamaguchi
nm0945372	Yuriko Yamaguchi
nm0945500	Tarô Yamamoto
nm0945734	Tsutomu Yamazaki
nm0945839	Toshirô Yanagiba
nm0945981	Edward Yang
nm0945992	Kuei-Mei Yang
nm0946160	Oleg Yankovskiy
nm0946734	David Yates
nm0947313	Sally Yeh
nm0947447	Donnie Yen
nm0947777	Charlie Yeung
nm0947986	Bennu Yildirimlar
nm0948000	Cem Yilmaz
nm0948078	Ruocheng Ying
nm0948159	Wilson Yip
nm0948267	Dwight Yoakam
nm0948445	Keiko Yokozawa
nm0948488	Hiromasa Yonebayashi
nm0949097	Kazuko Yoshiyuki
nm0949167	Yoo Ji-Tae
nm0950553	Ronny Yu
nm0950757	Wah Yuen
nm0951309	Ugur Yücel
nm0952498	Zbigniew Zamachowski
nm0953168	Zbigniew Zapasiewicz
nm0953423	Merila Zare'i
nm0955342	Fengyi Zhang
nm0955443	Yimou Zhang
nm0955471	Ziyi Zhang
nm0955867	Mariya Zhukova
nm0958387	Jerry Zucker
nm0959113	Elsa Zylberstein
nm0959936	Shôzô Îzuka
nm0959991	Masaaki Ôkura
nm0960028	Katsuhiro Ôtomo
nm0960033	Akio Ôtsuka
nm0960230	Muzaffer Özdemir
nm0960379	Birol Ünel
nm0960380	Idil Üner
nm0961737	Gracy Singh
nm0968541	Oksana Akinshina
nm0971135	Craig Parkinson
nm0990547	Daniel Mays
nm0991810	Mahershala Ali
nm0992000	Arjun Rampal
nm0993256	Kiran Rathod
nm0994254	Shona Auerbach
nm0995691	Jonah Markowitz
nm0997115	Miyu Irino
nm1001345	Mohan Raja
nm1002038	Çetin Tekindor
nm1004635	Ana López Mercado
nm1004887	Pradeep Singh Rawat
nm1004985	Yashpal Sharma
nm1005131	María Mercedes Villagra
nm1005576	Rob Maxey
nm1013003	Michael Ealy
nm1016428	James Marsh
nm10174308	Adithya Bhaskar
nm10174309	Gouri Kishan
nm1017633	Alia Bhatt
nm1018275	Kim Young-min
nm10183124	Arjun Das
nm1018493	Rakeysh Omprakash Mehra
nm1020089	Sally Hawkins
nm10201625	Kawsar Al Haddad
nm10214834	Debbie Honeywood
nm1025280	Anubhav Sinha
nm1027719	Farhan Akhtar
nm1028580	Tae-Hyun Cha
nm10289762	Shuzhen Zhao
nm1030706	Jae-young Kwak
nm1030819	Hee Jae
nm10346131	Archana Jois
nm10346132	Ramachandra Raju
nm1035643	Frederick Lau
nm1036301	Eszter Balla
nm1036659	Bárbara Lennie
nm10399505	Rachel Zegler
nm1041023	Navid Negahban
nm1041999	Hae-Jin Yoo
nm10427036	Rhys Mcgowan
nm10427037	Katie Proctor
nm1045684	Jae-yeong Jeong
nm1045837	Hyeong-jin Kong
nm1046097	Rachel McAdams
nm1046347	Fumiko Orikasa
nm1046521	Lars Ranthe
nm1047193	Won Bin
nm1048199	Jee-Young Kim
nm1049433	Lenny Abrahamson
nm10512051	Felix Lemburo
nm10524619	Eva Whittaker
nm1055413	Michael Fassbender
nm10564417	Rajesh Abhay
nm1058565	Jung-min Hwang
nm1061623	Philippe Claudel
nm1062080	Saket Chaudhary
nm1065229	America Ferrera
nm1067547	Hye-ja Kim
nm10691419	Hong Lu
nm1069800	Dominique McElligott
nm10708849	Issa Perica
nm1071252	Alexander Gould
nm1072555	Morena Baccarin
nm1072611	JB Blanc
nm1072959	Gattlin Griffith
nm1075976	Bart the Bear
nm1076060	Artyom Bogucharskiy
nm1076976	Ryô Kase
nm1077025	In-mun Kim
nm10784809	Biljana Cekic
nm1079062	Oriol Paulo
nm1080974	Cameron Bright
nm1082477	Omar Sy
nm1084488	Umesh Shukla
nm1084853	Allu Arjun
nm1085025	Trevor Jack Brooks
nm1085525	Engin Günaydin
nm1085908	Hwan-kyung Lee
nm1085951	Lorelei Linklater
nm1086543	Amanda Seyfried
nm1086981	Josef Altin
nm1089991	Tom Hiddleston
nm1090070	Kenan Imirzalioglu
nm1092227	Sienna Miller
nm1093951	Aaron Taylor-Johnson
nm1099597	Radha Ravi
nm1102970	Sarah Vowell
nm1104118	Kim Ki-duk
nm1106944	Kris Hitchen
nm1109153	Audrey Fleurot
nm11127862	Alfonso Arfi
nm1113550	Abigail Breslin
nm1119079	Tomm Moore
nm1120092	Jasmila Zbanic
nm1121870	Mahesh Babu
nm1122912	Kumud Mishra
nm11253801	Ann Owens
nm1126068	Meghna Gulzar
nm1126340	Ryûnosuke Kamiki
nm1126657	George MacKay
nm1129884	Leandro Firmino
nm1129962	Cori Gonzalez-Macuer
nm11324875	Charlie Pye Jr.
nm1136881	Pooja Kumar
nm1138201	Jae-ho Song
nm1139726	Neil Burger
nm1140345	Shaun Evans
nm1141101	Milhem Cortaz
nm1141657	Ho-jin Chun
nm11440820	Kogarashi Wakasugi
nm1144419	Danny McBride
nm1146705	Ananda George
nm1154919	Liza Colón-Zayas
nm1157048	Zachary Levi
nm1157358	Michelle Monaghan
nm1158544	Jared Bush
nm1159180	Ed Helms
nm1162030	Son Ye-jin
nm1165110	Chris Hemsworth
nm1165901	Seung-Yun Lee
nm1167656	T.R. Silambarasan
nm1167933	Damián Szifron
nm1168657	Andrey Zvyagintsev
nm1172901	Nora-Jane Noone
nm1176985	Dave Bautista
nm1178211	Rahul Bhatt
nm1179105	Alexandre Rodrigues
nm1182255	Amrita Rao
nm1183149	Edgar Ramírez
nm1185314	Bunshi Katsura Vi
nm11866274	Cooper Hoffman
nm1191481	Leigh Whannell
nm1192254	Maggie Grace
nm1194748	Adèle Haenel
nm1195119	Kim Min-hee
nm1195302	Louise Lemoine Torrès
nm1195855	Lee Pace
nm1200692	Eva Green
nm1203138	Kabir Khan
nm1208167	Diane Kruger
nm1209966	Oscar Isaac
nm1212486	Youk the Bear
nm1212722	Benedict Cumberbatch
nm1214435	Charlie Cox
nm1214809	Tara Sharma
nm1218281	Jon Watts
nm1219237	Mi-kyeong Yang
nm1220156	Lyubov Agapova
nm12232673	Eser Sariyar
nm12236841	Nam-mi Kang
nm12236842	Hye-Sook Go
nm12236843	Bok-hwa Baek
nm1223910	Sujoy Ghosh
nm1224082	Boman Irani
nm1225096	Alexandre Tharaud
nm12260927	Erdem Can
nm1227232	Brady Corbet
nm1227814	Vanessa Hudgens
nm1228408	Qiu Yuen
nm1228805	Ray Sahetapy
nm1229940	Katrina Kaif
nm1230598	Oh Yeong-su
nm1230844	Narain
nm1231899	Priyanka Chopra Jonas
nm12338666	Luka Saranovic
nm1234157	Stéphane Rousseau
nm1234298	Konkona Sen Sharma
nm1235292	Kim Sang-kyung
nm1241511	Orto Ignatiussen
nm1243905	Michael Gracey
nm1243922	Karim Abdel Aziz
nm1244760	Amole Gupte
nm1244971	Yatin Karyekar
nm1246724	Su-an Kim
nm12483011	Ismail Ciydem
nm1249116	Ranvir Shorey
nm1249574	Phellipe Haagensen
nm1253936	Patrick d'Assumçao
nm1256532	Jon Bernthal
nm1258686	Joachim Trier
nm1258970	Russell Brand
nm1259871	John Crowley
nm1267008	Rimi Sen
nm1267552	Taraneh Alidoosti
nm1269047	Hanno Koffler
nm1270590	Andreas Wilson
nm1272833	Yun Qu
nm1275406	Yong Dong
nm1277547	Vineet Kumar Singh
nm1281229	Hugo Silva
nm1282571	Hans Olav Brenner
nm1284108	Shweta Basu Prasad
nm1284379	Ferhan Sensoy
nm1284690	Vladimir Vdovichenkov
nm1289434	Emily Blunt
nm1291105	J.A. Bayona
nm12914967	Gaurav Pareek
nm1294664	Ellar Coltrane
nm1296587	Robin de Jesus
nm1297015	Emma Stone
nm1300009	Adil Hussain
nm1303233	Takayuki Yamada
nm1303433	John Abraham
nm1306410	Sahil Vaid
nm1310525	Sun-kyun Lee
nm1312575	Olivia Wilde
nm1316072	Nora Twomey
nm1318596	Jemaine Clement
nm1319274	Troy Kotsur
nm1320089	Yeong-hie Seo
nm1320935	Alka Amin
nm1322477	Abhishek Chaubey
nm1323233	Mustafa Kamel
nm1323287	Roe-ha Kim
nm1324710	Martin Zandvliet
nm1324929	Patrick Hume
nm1325419	Kristen Wiig
nm1325899	Travis Knight
nm13260258	Abhinay Raj Singh
nm1326535	Sundar C.
nm1327322	Purab Kohli
nm1328152	Shriya Saran
nm1329166	Raja Menon
nm1333687	Dhanush
nm1335704	Fahadh Faasil
nm1335875	Sukumar
nm1339267	Tejaswini Kolhapure
nm1343442	Zoltán Schneider
nm1344302	Rachel House
nm1347153	Tyler Perry
nm1348400	Seon-jin Lee
nm1349522	Jonathan Levine
nm1356853	Monica Viegas
nm1364790	Hugh Welchman
nm1366028	Kim Byeong-Ok
nm1367246	Kang Hye-jeong
nm1367681	Dal-su Oh
nm1367730	Pasupathy
nm1367933	Yann Samuell
nm1372788	Shahid Kapoor
nm1374980	Zac Efron
nm1375363	Hwang Dong-hyuk
nm1375534	Trisha Krishnan
nm1375877	Juan Minujín
nm1376654	Shenaz Treasury
nm1378015	Subhash Kapoor
nm1379544	Michèle Caucheteux
nm1380882	Jack McElhone
nm1384413	Saswata Chatterjee
nm1385304	Ismail Hacioglu
nm1388202	Siddique
nm1388463	Prakash Belawadi
nm1392135	Thibault Verhaeghe
nm1395602	Allen Leech
nm1396121	Makoto Shinkai
nm1397301	Anurag Basu
nm1399243	Sonu Sood
nm1402546	Sibel Kekilli
nm1405359	Imran Khan
nm1409622	Hae-jun Lee
nm1410076	Nathalie Boltt
nm1410815	Asghar Farhadi
nm1410940	Lily Franky
nm1411676	Mindy Kaling
nm1413459	Siddharth
nm1414385	Jong-ho Kim
nm1417038	Haruo Sotozaki
nm1417119	Ameer Sultan
nm1417314	Vikram
nm1419440	Ivana Baquero
nm1421628	Tota Roy Chowdhury
nm1421814	Suriya
nm1422363	Daniel Balaji
nm1424720	Ivan Dobronravov
nm1426607	Vladimir Garin
nm1427076	Shilpa Shukla
nm1429380	Britt Robertson
nm1430018	D. Santosh
nm1436693	A.R. Murugadoss
nm1437189	Sriram Raghavan
nm1441566	Marwan Hamed
nm1442113	Jack McBrayer
nm1442514	S.S. Rajamouli
nm1443396	Fabian Hinrichs
nm1443502	Jordan Peele
nm1452458	Aleksandra Konieczna
nm1457472	Jennifer Ulrich
nm1458734	Ciro Guerra
nm1463981	Cagan Irmak
nm1464314	Sudha Kongara
nm1469236	Olivia Colman
nm1479650	Vipin Sharma
nm1480656	Filip Berg
nm1481506	Ayesha Khan
nm1486911	Shahab Hosseini
nm1488529	Ahmet Mümtaz Taylan
nm1489950	Melisa Sözen
nm1490123	James Wan
nm1495452	Jackson Wurth
nm1495520	Caitriona Balfe
nm1502434	Leslie Odom Jr.
nm1508003	Gong Yoo
nm1512166	Jamie Chung
nm1512910	Duncan Jones
nm1513288	Adel Bencherif
nm1517976	Chris Pine
nm1519666	Eddie Redmayne
nm1519680	Saoirse Ronan
nm1521381	Nayanthara
nm1522315	Baiju
nm1527905	Toby Kebbell
nm1533122	Jyoti Subhash
nm1533863	Jean-Baptiste Maunier
nm1534063	Issey Takahashi
nm1535523	Jaden Smith
nm1536988	Yôko Maki
nm1538116	Tisca Chopra
nm1539666	Gayatri Joshi
nm1539737	Yû Kashii
nm1540244	Vidya Malvade
nm1541331	Mirai Shida
nm1542291	Christopher Carley
nm1542362	Brionne Davis
nm1560896	Ozan Açiktan
nm1560977	Cary Joji Fukunaga
nm1567113	Jessica Chastain
nm1571761	Sian Heder
nm1573967	Géza Morcsányi
nm1584145	Kishori Ballal
nm1585573	Ryeowon Jung
nm1587122	Smith Seth
nm1587175	Mona Singh
nm1588828	Émile Vallée
nm1591353	Jonny Brugh
nm1595577	Tarun Arora
nm1596350	Nawazuddin Siddiqui
nm1597241	Zarah Jane McKenzie
nm1605049	Katherine Jenkins
nm1614951	Ahu Türkpençe
nm1617909	Shernaz Patel
nm1622836	Masahiro Andô
nm1625521	Hiei Kimura
nm1625874	Yûya Yagira
nm1626086	Ayu Kitaura
nm1626241	Momoko Shimizu
nm1628153	Anand Gandhi
nm1630992	Madeline Carroll
nm1631098	Diana Gettinger
nm1631269	Chloë Grace Moretz
nm1632859	Sada
nm1633541	Ranbir Kapoor
nm1645591	You
nm1653460	Vikram K. Kumar
nm1653753	Paul King
nm1654756	Bahram Ebrahimi
nm1655668	Jasna Djuricic
nm1659141	Prabhas
nm1659221	Sebastian Stan
nm1659547	Carey Mulligan
nm1662277	Shreyas Talpade
nm1662613	Farideh Sepah Mansour
nm1663205	Sharlto Copley
nm1665004	Imtiaz Ali
nm1670029	Rupert Friend
nm1670244	Mahesh Kanual
nm1671512	Anamaria Marinca
nm1675786	Soha Ali Khan
nm1679372	Sudeep
nm1679669	Rosemarie DeWitt
nm1679778	Sylvia Hoeks
nm1682799	Tomasz Kot
nm1683003	Hiro Shimono
nm1693019	Laura Vasiliu
nm1693432	Jan Cornet
nm1698609	Mesut Akusta
nm1701024	Nadine Labaki
nm1703536	Asli Tandogan
nm1705720	Tessa Mitchell
nm1706767	Jonah Hill
nm1714874	Soran Ebrahim
nm1715257	Malin Crépin
nm1716931	Avaz Latif
nm1717924	Jan Komasa
nm1723225	Nishikant Kamat
nm1724319	Sebastian Maniscalco
nm1725469	Florian Zeller
nm1727304	Domhnall Gleeson
nm1728167	Ali Çatalbas
nm1728395	Naz Elmas
nm1728411	Demet Evgar
nm1729063	Mert Baykal
nm1731801	Timuçin Esen
nm1732981	Martin McDonagh
nm1735332	Özge Özberk
nm1742715	Ayça Bingöl
nm1749112	Vincent Paronnaud
nm1753443	Firat Dogruloglu
nm1754159	Ayesha Kapoor
nm1754373	Zerrin Tekindor
nm1759049	Mete Horozoglu
nm1759175	Alper Kul
nm1759557	Murat Serezli
nm1775091	Danai Gurira
nm1778124	Ali Atay
nm1778703	Neil Nitin Mukesh
nm1778890	Indraneil Sengupta
nm1780037	Céline Sciamma
nm1783265	Tim Miller
nm1785339	Rami Malek
nm1795232	Deepak Dobriyal
nm1795482	Saddam Hossein Feysal
nm1796730	Xolani Mali
nm1797558	Hiresh Feysal Rahman
nm1799038	Vidya Balan
nm1818216	Payman Maadi
nm1822659	Nat Wolff
nm1832249	Ufuk Bayraktar
nm1832584	Mario Casas
nm1833525	Kivanç Tatlitug
nm1837748	Josh Boone
nm1838836	J.J. Johnson
nm1847117	Janelle Monáe
nm1853544	Pierre Coffin
nm1856097	Yeo-jeong Cho
nm1862815	Venkat Prabhu
nm1865947	Jayam Ravi
nm1867502	Yuri Chinen
nm1867717	Abhay Deol
nm1868177	Ladj Ly
nm1869101	Ana de Armas
nm1869756	Yu-mi Jung
nm1880888	Olivia Thirlby
nm1882152	Xavier Samuel
nm1886602	Miles Teller
nm1886964	Jane Galloway Heitz
nm1890784	Michelle Dockery
nm1890935	Salameh Feyzi
nm1891528	Hyuk-ho Kwon
nm1894655	John Hodgman
nm1896736	Haaz Sleiman
nm1897007	Takuya Ishida
nm1902766	Donny Alamsyah
nm1903006	Gauri Shinde
nm1907066	Lisa Hannigan
nm1909661	Nimrat Kaur
nm1911617	Nitu Chandra
nm1912683	Karthi
nm1913625	Parambrata Chattopadhyay
nm1913734	Rooney Mara
nm1916835	Michael Schwartz
nm1918588	Jin Goo
nm1919905	Donavon Warren
nm1920131	Belçim Bilgin
nm1922242	Hun Jang
nm1926499	Jeon Gook-hwan
nm1935086	Tessa Thompson
nm1940449	Andrew Garfield
nm1942207	China Anne McClain
nm1942458	Catinca Untaru
nm1946407	Kay Kay Menon
nm1947564	Ken'ichi Matsuyama
nm1950086	Greta Gerwig
nm1951127	Arya
nm1954240	Teresa Palmer
nm1956600	Elena Lyadova
nm1959252	Muhammet Uzuner
nm1961459	Tamannaah Bhatia
nm1962313	Dibakar Banerjee
nm1977355	Nathan Greno
nm1978402	Ha Jung-woo
nm1981893	Riz Ahmed
nm1983888	Vir Das
nm1988172	Yoshiyuki Takei
nm1989536	Marc Webb
nm1995953	Katie Amanda Keane
nm1999473	Shoojit Sircar
nm2008013	Hugh Walsh
nm2011932	Anushka Shetty
nm2016476	Meher Vij
nm2043234	Khalid Abdalla
nm2046691	Irandhir Santos
nm2052567	Jae Head
nm2056274	Joel Basman
nm2057859	Andrea Riseborough
nm2058563	Ayami Kakiuchi
nm2063290	Anna Foglietta
nm2065552	Cengiz Coskun
nm2067091	Misha Meskhi
nm2075487	Ross Stewart
nm2080328	Kelsey Asbille
nm2089090	Seamus Davey-Fitzpatrick
nm2091680	Emmanuel Schwartz
nm2099237	Magnus Millang
nm2103508	Paulina Gaitan
nm2105255	Sarah Roemer
nm2111748	Li Sun
nm2128238	Sonam Kapoor
nm2129938	Thomas Turgoose
nm2130108	Bob Persichetti
nm2134474	Vikas Bahl
nm2138653	Deepika Padukone
nm2139257	Murat Cemcir
nm2144007	Kangana Ranaut
nm2153088	Gareth Evans
nm2155757	Josh Cooley
nm2159926	Jake Johnson
nm2175143	Je-mun Yun
nm2196217	Neeral Mulchandani
nm2197025	Deniz Gamze Ergüven
nm2199632	Rudy Youngblood
nm2199664	Dalia Hernández
nm2202409	Shôta Sometani
nm2209781	Ayan Mukherjee
nm2210720	Naoko Yamada
nm2218894	Kagiso Kuypers
nm2219430	Luke Kenny
nm2225369	Jennifer Lawrence
nm2236560	Mozhan Marnò
nm2240346	Kodi Smit-McPhee
nm2244205	Léa Seydoux
nm2251846	Joanna Kulig
nm2257207	Daniel Kaluuya
nm2258164	Nazanin Boniadi
nm2260731	Kunal Deshmukh
nm2264184	Elissa Knight
nm2270180	Koratala Siva
nm2271261	Jason Cope
nm2277869	Marjane Satrapi
nm2279430	Amit Ravindernath Sharma
nm2281292	Rana Daggubati
nm2284484	Gareth Edwards
nm2285536	Anthony Maras
nm2287772	Aniruddha Roy Chowdhury
nm2289345	Dev Gill
nm2299825	Ileana D'Cruz
nm2304675	Lulu Wang
nm2308578	Alexandru Potocean
nm2308774	Destin Daniel Cretton
nm2309517	Armie Hammer
nm2316384	Adel Karam
nm2320658	Don Hall
nm2331000	Radhika Apte
nm2334720	Hamsa Nandini
nm2336554	Aditya Dhar
nm2337578	Riisa Naka
nm2337967	Mitsutaka Itakura
nm2347861	Masaki Okada
nm2348627	Lucas Hedges
nm2349707	Kyung-jin Lee
nm2353862	Dev Patel
nm2356415	Akshat Verma
nm2366974	Raj Arjun
nm2368789	Zoë Kravitz
nm2371802	Thomas Kail
nm2377903	Lucy Boynton
nm2378914	Advait Chandan
nm2379003	Elit Iscan
nm2386123	André Ramiro
nm2395586	Christopher Mintz-Plasse
nm2399383	Annalise Basso
nm2399862	Aanand L. Rai
nm2401020	Will Poulter
nm2406154	Daniel Ribeiro
nm2410391	Nushrratt Bharuccha
nm2410557	Akarsh Khurana
nm2412823	Kim Yoon-seok
nm2414707	Yasin Uslu
nm2415920	Mert Firat
nm2433514	Yeong-seo Park
nm2436566	Tyler Nilson
nm2437361	Cho Jin-woong
nm2439708	Shakun Batra
nm2440242	Kim Uylenbroek
nm2440627	Seung-ryong Ryu
nm2461192	Baris Bagci
nm2461627	Markéta Irglová
nm2466842	Quinton Aaron
nm2469366	Sagarika Ghatge
nm2478608	Gerard Hendrick
nm2498552	Kim Yoo-jeong
nm2519287	Pauline Burlet
nm2520301	Ahmad Khan Mahmoodzada
nm2535022	Philip King
nm2535507	Mukesh Chhabra
nm2539953	Alicia Vikander
nm2552034	Melissa Benoist
nm2554352	T.J. Miller
nm2555462	Eiza González
nm2556572	Jeong-beom Lee
nm2560232	Bahar Pars
nm2566836	Gayatri
nm2570245	Kajal Aggarwal
nm2572228	Jeethu Joseph
nm2575525	Pushkar
nm2588226	Marco Antonio Aguirre
nm2588606	Steve McQueen
nm2588665	Tahar Rahim
nm2590164	Laxman Utekar
nm2594301	Darsheel Safary
nm2601111	Nazriya Nazim
nm2615398	Takeru Satoh
nm2622986	Kunaal Roy Kapur
nm2633535	Asa Butterfield
nm2649764	Alec Secareanu
nm2650819	Adèle Exarchopoulos
nm2655177	Caleb Landry Jones
nm2669564	R. Balki
nm2676052	Joseph Kosinski
nm2680798	Oka Antara
nm2690647	Pankaj Tripathi
nm2709993	Sarp Apak
nm2717565	Fawad Khan
nm2726789	Zac Mattoon O'Brien
nm2747232	Sakura Andô
nm2755490	Amitabh Reza Chowdhury
nm2757249	Réka Tenki
nm2770525	Kenshô Ono
nm2773325	Chris New
nm2776304	Ram Charan
nm2786608	Callan McAuliffe
nm2794962	Hailee Steinfeld
nm2799219	Sakshi Tanwar
nm2809577	Jenny Slate
nm2810190	Jin-mo Joo
nm2815326	Amit Sadh
nm2821544	Sharad Kelkar
nm2827255	Jonathan Race
nm2835616	Dean-Charles Chapman
nm2837894	Robbie Daymond
nm2850440	Bilal Lashari
nm2861211	Leonardo Alonso
nm2871077	Tim Gagliardo
nm2872491	Martin Stringer
nm2883649	Benjamin Renner
nm2896395	Levent Semerci
nm2897598	Evelyn Edwards
nm2914059	Leonie Benesch
nm2916919	Burak Yigit
nm2930503	Jack Reynor
nm2933542	Boyd Holbrook
nm2933757	Gal Gadot
nm2937122	Adrian Molina
nm2942187	Darius Marder
nm2944240	Tess Amorim
nm2945270	Anand Tiwari
nm2947553	Na Hong-jin
nm2951768	Freida Pinto
nm2968351	Lina Leandersson
nm2968765	Kåre Hedebrant
nm2973712	Jordan Nagai
nm2974366	Sheetal Menon
nm2975619	Rasika Dugal
nm2975962	Alberto Ammann
nm2976492	Aoi Yûki
nm2977124	Mahie Gill
nm2977461	Saori Hayami
nm3009232	Ezra Miller
nm3009594	Oaklee Pendergast
nm3011350	Ma Dong-seok
nm3021346	Jérémy Clapin
nm3022653	Arifin Putra
nm3024530	Reda Kateb
nm3041056	Christian Friedel
nm3042406	Anja Stanic
nm3053338	Margot Robbie
nm3057402	Bee Vang
nm3060331	Luv Ranjan
nm3070408	Prateik Babbar
nm3078932	Lady Gaga
nm3087728	Anushka Sharma
nm3093662	Jeong-nam Choi
nm3103879	Ilker Kizmaz
nm3104035	Özgür Eren Koç
nm3107870	David James
nm3109407	Shiv Panditt
nm3109770	Neeraj Pandey
nm3113678	Boris Ler
nm3114945	Maria Grazia Di Meo
nm3115704	Ahney Her
nm3133017	Mehmet Ada Öztekin
nm3140538	Mikkel Boe Følsgaard
nm3150488	Douglas Booth
nm3152605	Gwilym Lee
nm3154303	Timothée Chalamet
nm3163794	Pa. Ranjith
nm3168810	Zlatan Vidovic
nm3174725	David Alvarez
nm3190246	Richa Chadha
nm3190972	Manjot Singh
nm3191754	Emi Takei
nm3202701	Kalki Koechlin
nm3218978	Abhinay Deo
nm3227090	Damien Chazelle
nm3227338	Yalcin Cakmak
nm3232264	Reinaldo Marcus Green
nm3237775	Mackenzie Foy
nm3239803	Kaitlyn Dever
nm3250747	Anjali Menon
nm3256907	Sai Tamhankar
nm3268918	Sara Takatsuki
nm3280686	Art Parkinson
nm3283923	Swara Bhaskar
nm3287038	Thomas Mann
nm3289096	Sidharth Malhotra
nm3299397	Iko Uwais
nm3310289	Daniel Durant
nm3311094	Keishi Ohtomo
nm3315387	Vishnuvardhan
nm3345670	Yayan Ruhian
nm3362169	Man-sik Jeong
nm3363032	Ryan Coogler
nm3370835	Karla Cecilia Alvarado
nm3381295	Alexandra Shipp
nm3383930	Nithya Menen
nm3393343	Kim Sae-ron
nm3434305	Abbi Jacobson
nm3435612	Roland Møller
nm3467663	Aura Garrido
nm3478396	Luke Bracey
nm3481909	Ronjini Chakraborty
nm3485845	Adam Driver
nm3499207	Ayberk Pekcan
nm3517807	Kamel El Basha
nm3536895	Amit Masurkar
nm3538718	Nick Robinson
nm3539159	Maryana Spivak
nm3559009	Paula Beer
nm3561501	Sathyan
nm3575723	Lydia Wilson
nm3582089	Carlos Martínez López
nm3587952	Carla Quevedo
nm3591550	Priya Anand
nm3592235	Ritesh Batra
nm3601766	Shraddha Kapoor
nm3603873	Amar Kaushik
nm3606487	Samantha Ruth Prabhu
nm3612526	Diamand Bou Abboud
nm3613566	Sang-ho Yeon
nm3618794	Mina Sadati
nm3622499	Gürsoy Gemec
nm3629670	Amrita Puri
nm3629863	Lisa Haydon
nm3630374	Sohum Shah
nm3640154	Mayu Matsuoka
nm3641180	Kim Hee-won
nm3659660	Corey Hawkins
nm3663196	Ariana DeBose
nm3663864	Park Sung-woong
nm3665787	Tom Cullen
nm3668216	Nargis Fakhri
nm3675884	Rosie Shaw
nm3677958	Laura Post
nm3684167	Vishnu Vishal
nm3699790	Dorota Kobiela
nm3702737	Kim Tae-hoon
nm3713653	Kriti Kharbanda
nm3719076	Markus Rygaard
nm3723229	Andrea Heick Gadeberg
nm3728294	Amol Parashar
nm3729612	Aleksey Rozin
nm3730253	Alexandra Borbély
nm3741768	Mohit Raina
nm3761004	Nani
nm3768523	Miori Takimoto
nm3773770	Ketche
nm3792134	Aneesh Chaganty
nm3797554	Robert Agengo
nm3809021	Alper Caglar
nm3818286	Sushant Singh Rajput
nm3819854	Om Raut
nm3822770	Rajkummar Rao
nm3828984	Ranveer Singh
nm3836977	Louis Hofmann
nm3884476	Saba Qamar
nm3888054	Rajat Barmecha
nm3895071	Sera Tokdemir
nm3898762	Amala Paul
nm3905156	Sangili Murugan
nm3915784	John Boyega
nm3918035	Zendaya
nm3935285	Laura Freeman
nm3942577	Aadhi
nm3945747	Yukito Nishii
nm3966456	Taapsee Pannu
nm3977622	Fabio Audi
nm3978701	Ghilherme Lobo
nm3987673	Ariane Labed
nm3994407	Ryan Potter
nm4028151	Aju Varghese
nm4028885	Nivin Pauly
nm4043111	Vijay Sethupathi
nm4043618	Tom Holland
nm4044784	Damien Bonnard
nm4064306	Yeliz Gurkan
nm4071279	John Kokken
nm4080531	Sophie Kennedy Clark
nm4099092	Trey Edward Shults
nm4112854	Kirti Kulhari
nm4113924	Sunny Kaushal
nm4129745	Allison Williams
nm4134328	Kasumi Arimura
nm4139037	Suraj Sharma
nm4173131	Neeraj Kabi
nm4198135	Farah Zeynep Abdullah
nm4199420	Aras Bulut Iynemli
nm4205110	Adesh Prasad
nm4206052	Ida Engvoll
nm4207146	Jason Mitchell
nm4207679	Izabela Vidovic
nm4219902	Park Hoon-jung
nm4242320	C. Prem Kumar
nm4248765	Lauren Ridloff
nm4250276	Tomasz Zietek
nm4269474	Mohd. Zeeshan Ayyub
nm4271336	Shameik Moore
nm4272534	Shamoon Abbasi
nm4273857	Hamza Ali Abbasi
nm4274575	Vetrimaaran
nm4277690	Ricsi
nm4299147	Sareh Bayat
nm4303311	Yoshitsugu Matsuoka
nm4304940	Hazar Ergüçlü
nm4318159	Nitesh Tiwari
nm4334711	Joseph Lee
nm4335569	Deniz Baysal
nm4350114	Tom Prior
nm4362492	Diljit Dosanjh
nm4374524	Noémie Merlant
nm4377096	T.J. Gnanavel
nm4405794	Anjali Patil
nm4407117	Devrim Yakut
nm4413266	Chanchal Chowdhury
nm4417069	Yami Gautam
nm4420495	Sonoya Mizuno
nm4422686	Barry Keoghan
nm4429739	Haru Kuroki
nm4442068	Jared Gilman
nm4442319	Kara Hayward
nm4449711	Kartik Aaryan
nm4449831	Raayo S. Bakhirta
nm4450033	Divyendu Sharma
nm4451937	Prabhleen Sandhu
nm4453291	Franz Rogowski
nm4454223	Emilia Jones
nm4465402	Ingrid Olava
nm4467076	Jackie Minns
nm4534098	Ed Skrein
nm4551978	Saskia Rosendahl
nm4561559	Renate Reinsve
nm4608165	Antoine Olivier Pilon
nm4636536	Nell Cattrysse
nm4644427	Kazuaki Nagaya
nm4651098	Vidyut Jammwal
nm4663387	Anita Date
nm4663937	Laia Costa
nm4679469	Gözde Mutluer
nm4694226	Hyeon-soo Kim
nm4705966	Samantha Isler
nm4714676	Luàna Bajrami
nm4731677	Ayushmann Khurrana
nm4733887	Alphonse Puthren
nm4736095	Jag Sanghera
nm4740113	Saara Chaudry
nm4759838	Mone Kamishiraishi
nm4761131	Marc Swint
nm4784536	Neeraj Ghaywan
nm4797922	Vijay Deverakonda
nm4809043	Ni Ni
nm4823002	Tianyuan Huang
nm4835867	Honor Kneafsey
nm4842197	Hayley Squires
nm4853066	Josh O'Connor
nm4880714	Sanjana Sanghi
nm4900454	Irem Sak
nm4921260	Dulquer Salmaan
nm4937378	Muhammad Mamdooh
nm4940051	Shin'ichirô Ueda
nm4972453	Olivia Cooke
nm4973460	Victoire Du Bois
nm5005121	Julia Greer
nm5016878	Jacob Tremblay
nm5038871	Annika Wedderkopp
nm5039026	Lasse Fogelstrøm
nm5052065	Ansel Elgort
nm5057169	Thomasin McKenzie
nm5069465	Diana Penty
nm5085683	Mckenna Grace
nm5106831	Michael Rianda
nm5122260	Herbert Nordrum
nm5123156	Kelvin Harrison Jr.
nm5137121	Natsuki Hanae
nm5146515	David Rawle
nm5149048	Xinyi Zhang
nm5153144	Mike Fearnley
nm5181138	Saniyya Sidney
nm5189784	Alex Sharp
nm5201771	Baljinder Kaur
nm5228887	Ben Hardy
nm5228901	Abrar Zahoor
nm5232139	Yash
nm5242011	Asha Sharath
nm5272930	Camille Salameh
nm5291133	Cengiz Daner
nm5292337	Rajesh Bhatia
nm5305841	Kriti Sanon
nm5312818	Pauline Brunner
nm5347988	Taylor Russell
nm5358492	Kemp Powers
nm5377144	Awkwafina
nm5384553	Caglar Ertugrul
nm5397459	Daisy Ridley
nm5400221	Serkan Yanar
nm5400332	Tolga Akdogan
nm5421877	Julian Dennison
nm5446189	Nandish Singh Sandhu
nm5464371	Baz Poonpiriya
nm5473782	Taron Egerton
nm5493512	So Won Kal
nm5518972	RJ Cyler
nm5567710	Marina Vasileva
nm5607349	Varun Sharma
nm5619620	X Mayo
nm5620173	Suzu Hirose
nm5623883	Phillipa Soo
nm5626435	Guru Somasundaram
nm5637317	Raashi Khanna
nm5645519	Anthony Gonzalez
nm5682160	S.V. Krishna Shankar
nm5689660	Harumi Shuhama
nm5732707	Tovino Thomas
nm5744564	Dhananjaya
nm5789377	Zack Gottsagen
nm5800951	Japtej Singh
nm5817249	Vicky Kaushal
nm5831542	Barkhad Abdi
nm5831543	Barkhad Abdirahman
nm5849568	Bartosz Bielenia
nm5939164	Zazie Beetz
nm5961051	Atlee Kumar
nm6017002	Malavika Mohanan
nm6030469	Ramana
nm6041683	Mari Selvaraj
nm6073824	Prashanth Neel
nm6073955	Florence Pugh
nm6076229	Alana Haim
nm6079248	Woo-sik Choi
nm6154971	Soma Chhaya
nm6189601	Esther Anil
nm6189602	Ansiba
nm6199189	Ashutosh Acharya
nm6225541	Noorin Gulamgaus
nm6240141	Sophie Perry
nm6264850	Eliza Rycembel
nm6281424	Alexis Manenti
nm6294201	Durgesh Kumar
nm6294202	Pradeep Nagar
nm6336449	Ayman Jamal
nm6442009	Kiara Advani
nm6442107	Ram Kumar
nm6453091	Kathir
nm6489058	Yogi Babu
nm6567391	Elijah Smith
nm6578009	O'Shea Jackson Jr.
nm6676487	Jeff Rowe
nm6735778	Khurram H. Alavi
nm6748436	Dafne Keen
nm6780182	Shabeer Kallarakkal
nm6781688	Abraham Attah
nm6916321	Ferdia Walsh-Peelo
nm6916719	Ryu Jun-Yeol
nm6954008	Ryô Narita
nm6981978	Akari Kitô
nm6998719	George Maryan
nm7014801	Mieko Harada
nm7021807	Mrunal Thakur
nm7047915	Nilbio Torres
nm7047916	Antonio Bolívar
nm7051533	Alexa Demie
nm7052811	Anuja Sathe
nm7072115	Divya Menon
nm7073474	Halenur Uzunoglu
nm7079932	Hakim Faris
nm7081087	Chanon Santinatornkul
nm7084461	Pranay Pachauri
nm7151025	Partha Barua
nm7219941	Jia Sharma
nm7243877	Basil Joseph
nm7309485	Azhy Robertson
nm7322143	Günes Sensoy
nm7322144	Doga Zeynep Doguslu
nm7322145	Tugba Sunguroglu
nm7331044	Mithila Palkar
nm7340546	Eliza Scanlen
nm7367695	Sai Pallavi
nm7371790	Madonna Sebastian
nm7372970	Harshaali Malhotra
nm7414957	Akiko Iwase
nm7441022	Shalini Pandey
nm7443563	Lutfur Rahman George
nm7621667	Sanya Malhotra
nm7621668	Zaira Wasim
nm7628415	Teeradon Supapunpinyo
nm7635388	Auli'i Cravalho
nm7636995	Emmanuel Affadzi
nm7636996	Ricky Adelayitor
nm7636997	Andrew Adote
nm7692698	Katherine Langford
nm7737419	Brooklynn Prince
nm7744845	Shraddha Srinath
nm7784671	Briana Shann
nm7832790	Jeffrey Ho
nm7861812	Masuma Rahman Nabila
nm7887725	Fionn Whitehead
nm7934649	Lijo Mol Jose
nm7936195	Aparna Balamurali
nm7956813	Robert Gulaczyk
nm7992231	Lokesh Kanagaraj
nm8019376	Andrea Tariang
nm8045046	Michelle La
nm8061218	Sunny Pawar
nm8135195	Rajisha Vijayan
nm8188622	Jacob Batalon
nm8237564	Siddhant Chaturvedi
nm8375514	Jyoti Malshe
nm8392933	Rajesh Krishnan
nm8450324	Hemendra Dandotiya
nm8458915	Bria Vinaite
nm8609804	Dino Bajrovic
nm8611957	Yalitza Aparicio
nm8612305	Rashmika Mandanna
nm8631915	Can Ulkay
nm8635807	Srinidhi Shetty
nm8659025	Koyu Rankin
nm8738711	Dishita Sehgal
nm8815470	Djebril Zonga
nm8904193	Manikandan
nm8906232	Eisaya Hosuwan
nm8912882	Christopher Rivera
nm8927531	Chutimon Chuengcharoensukying
nm8932809	Kim Seol
nm9025090	Matvey Novikov
nm9133740	Huck Milner
nm9219502	Kalyani Priyadarshan
nm9227039	Sandeep Reddy Vanga
nm9323057	Ratnaa Sinha
nm9357186	Maxwell Simba
nm9486622	Dogu Demirkol
nm9576872	Takayuki Hamatsu
nm9576881	Yuzuki Akiyama
nm9651809	Nisa Sofiya Aksongur
nm9654612	Radhika Madan
nm9751348	Rahi Anil Barve
nm9862858	Zain Al Rafeea
nm9862859	Yordanos Shiferaw
nm9862860	Boluwatife Treasure Bankole
nm9877392	Roman Griffin Davis
nm9948845	Diego Cortina Autrey
nm9985727	Carlos Peralta
